#
# There is insufficient memory for the Java Runtime Environment to continue.
# Native memory allocation (malloc) failed to allocate 1144720 bytes. Error detail: Chunk::new
# Possible reasons:
#   The system is out of physical RAM or swap space
#   This process is running with CompressedOops enabled, and the Java Heap may be blocking the growth of the native heap
# Possible solutions:
#   Reduce memory load on the system
#   Increase physical memory or swap space
#   Check if swap backing store is full
#   Decrease Java heap size (-Xmx/-Xms)
#   Decrease number of Java threads
#   Decrease Java thread stack sizes (-Xss)
#   Set larger code cache with -XX:ReservedCodeCacheSize=
#   JVM is running with Unscaled Compressed Oops mode in which the Java heap is
#     placed in the first 4GB address space. The Java Heap base address is the
#     maximum limit for the native heap growth. Please use -XX:HeapBaseMinAddress
#     to set the Java Heap base and to place the Java Heap above 4GB virtual address.
# This output file may be truncated or incomplete.
#
#  Out of Memory Error (arena.cpp:168), pid=29384, tid=31756
#
# JRE version: OpenJDK Runtime Environment (21.0.10) (build 21.0.10+-14961533-b1163.108)
# Java VM: OpenJDK 64-Bit Server VM (21.0.10+-14961533-b1163.108, mixed mode, tiered, compressed oops, compressed class ptrs, g1 gc, windows-amd64)
# No core dump will be written. Minidumps are not enabled by default on client versions of Windows
#

---------------  S U M M A R Y ------------

Command Line: --add-opens=java.base/java.lang=ALL-UNNAMED --add-opens=java.base/java.lang.invoke=ALL-UNNAMED --add-opens=java.base/java.util=ALL-UNNAMED --add-opens=java.prefs/java.util.prefs=ALL-UNNAMED --add-exports=jdk.compiler/com.sun.tools.javac.api=ALL-UNNAMED --add-exports=jdk.compiler/com.sun.tools.javac.util=ALL-UNNAMED --add-opens=java.base/java.nio.charset=ALL-UNNAMED --add-opens=java.base/java.net=ALL-UNNAMED --add-opens=java.base/java.util.concurrent=ALL-UNNAMED --add-opens=java.base/java.util.concurrent.atomic=ALL-UNNAMED --add-opens=java.xml/javax.xml.namespace=ALL-UNNAMED --add-opens=java.base/java.time=ALL-UNNAMED -Xmx2048m -Dfile.encoding=UTF-8 -Duser.country=US -Duser.language=en -Duser.variant -javaagent:C:\Users\THANH DAT\.gradle\wrapper\dists\gradle-9.7.1-bin\1w1c7tv4s851m17nbqdsro2tv\gradle-9.7.1\lib\agents\gradle-instrumentation-agent-9.7.1.jar org.gradle.launcher.daemon.bootstrap.GradleDaemon 9.7.1

Host: AMD Ryzen 5 7535HS with Radeon Graphics        , 12 cores, 15G,  Windows 11 , 64 bit Build 26100 (10.0.26100.9549)
Time: Mon Sep 28 22:08:04 2026 Novosibirsk Standard Time elapsed time: 21.624281 seconds (0d 0h 0m 21s)

---------------  T H R E A D  ---------------

Current thread (0x0000016945ffbda0):  JavaThread "C2 CompilerThread0" daemon [_thread_in_native, id=31756, stack(0x0000004c4b400000,0x0000004c4b500000) (1024K)]


Current CompileTask:
C2:21624 14839       4       java.lang.invoke.MethodHandleImpl::makePairwiseConvertByEditor (617 bytes)

Stack: [0x0000004c4b400000,0x0000004c4b500000]
Native frames: (J=compiled Java code, j=interpreted, Vv=VM code, C=native code)
V  [jvm.dll+0x6d78a9]
V  [jvm.dll+0x8665b3]
V  [jvm.dll+0x868bde]
V  [jvm.dll+0x8692c3]
V  [jvm.dll+0x280ee6]
V  [jvm.dll+0xc07cd]
V  [jvm.dll+0xc0d03]
V  [jvm.dll+0x3ba0cb]
V  [jvm.dll+0x385df7]
V  [jvm.dll+0x38526a]
V  [jvm.dll+0x249bd2]
V  [jvm.dll+0x2491a1]
V  [jvm.dll+0x1c76e4]
V  [jvm.dll+0x25891e]
V  [jvm.dll+0x256e66]
V  [jvm.dll+0x3f513e]
V  [jvm.dll+0x80fd28]
V  [jvm.dll+0x6d60fd]
C  [ucrtbase.dll+0x2cd30]
C  [KERNEL32.DLL+0x2cdf7]
C  [ntdll.dll+0x7ee4c]


---------------  P R O C E S S  ---------------

Threads class SMR info:
_java_thread_list=0x000001695746b780, length=79, elements={
0x000001692c09b5c0, 0x0000016945fc52d0, 0x0000016945fc7d40, 0x0000016945fc87a0,
0x0000016945fca340, 0x0000016945fe1f00, 0x0000016945fe2d60, 0x0000016945fe3810,
0x0000016945ffbda0, 0x0000016945ffc450, 0x0000016945fe4530, 0x0000016945fe4bc0,
0x0000016945fe6c90, 0x0000016945fe5f70, 0x0000016945fe5250, 0x0000016945fe58e0,
0x0000016945fe6600, 0x000001694bace070, 0x000001694bacfab0, 0x000001694bad0140,
0x000001694bad07d0, 0x000001694bad14f0, 0x000001694bacf420, 0x000001694bad0e60,
0x000001694baced90, 0x000001694bef85c0, 0x000001694bef9970, 0x000001694bef7f30,
0x000001694befa000, 0x000001694befa690, 0x000001694647d4c0, 0x000001694647db50,
0x000001694647ef00, 0x000001694647f590, 0x000001694647e870, 0x000001694647fc20,
0x000001694647ce30, 0x000001694647ba80, 0x00000169464802b0, 0x0000016946480fd0,
0x000001694647e1e0, 0x0000016946481cf0, 0x0000016946480940, 0x0000016946481660,
0x0000016946482a10, 0x0000016946482380, 0x00000169464830a0, 0x0000016950a1d460,
0x0000016950a1daf0, 0x0000016950a1e180, 0x0000016950a1b390, 0x0000016950a1ad00,
0x0000016950a1c740, 0x0000016950a1e810, 0x0000016950a1eea0, 0x0000016950a1cdd0,
0x0000016950a1ba20, 0x0000016950a1f530, 0x0000016950a1c0b0, 0x0000016950a1fbc0,
0x0000016950a20250, 0x0000016950a208e0, 0x0000016950a22320, 0x0000016950748650,
0x0000016950747fc0, 0x0000016950749370, 0x000001695074d510, 0x000001695074c160,
0x0000016950749a00, 0x0000016951a6b4a0, 0x0000016951a6c1c0, 0x00000169577775b0,
0x0000016957778960, 0x0000016957777c40, 0x0000016957778ff0, 0x0000016957779680,
0x00000169577782d0, 0x0000016957137870, 0x0000016957136b50
}

Java Threads: ( => current thread )
  0x000001692c09b5c0 JavaThread "main"                              [_thread_blocked, id=18800, stack(0x0000004c4a500000,0x0000004c4a600000) (1024K)]
  0x0000016945fc52d0 JavaThread "Common-Cleaner"             daemon [_thread_blocked, id=34512, stack(0x0000004c4ad00000,0x0000004c4ae00000) (1024K)]
  0x0000016945fc7d40 JavaThread "Reference Handler"          daemon [_thread_blocked, id=10872, stack(0x0000004c4ae00000,0x0000004c4af00000) (1024K)]
  0x0000016945fc87a0 JavaThread "Finalizer"                  daemon [_thread_blocked, id=31508, stack(0x0000004c4af00000,0x0000004c4b000000) (1024K)]
  0x0000016945fca340 JavaThread "Signal Dispatcher"          daemon [_thread_blocked, id=25164, stack(0x0000004c4b000000,0x0000004c4b100000) (1024K)]
  0x0000016945fe1f00 JavaThread "Attach Listener"            daemon [_thread_blocked, id=700, stack(0x0000004c4b100000,0x0000004c4b200000) (1024K)]
  0x0000016945fe2d60 JavaThread "Service Thread"             daemon [_thread_blocked, id=34648, stack(0x0000004c4b200000,0x0000004c4b300000) (1024K)]
  0x0000016945fe3810 JavaThread "Monitor Deflation Thread"   daemon [_thread_blocked, id=27320, stack(0x0000004c4b300000,0x0000004c4b400000) (1024K)]
=>0x0000016945ffbda0 JavaThread "C2 CompilerThread0"         daemon [_thread_in_native, id=31756, stack(0x0000004c4b400000,0x0000004c4b500000) (1024K)]
  0x0000016945ffc450 JavaThread "C1 CompilerThread0"         daemon [_thread_blocked, id=22388, stack(0x0000004c4b500000,0x0000004c4b600000) (1024K)]
  0x0000016945fe4530 JavaThread "Notification Thread"        daemon [_thread_blocked, id=24384, stack(0x0000004c4b600000,0x0000004c4b700000) (1024K)]
  0x0000016945fe4bc0 JavaThread "Daemon health stats"               [_thread_blocked, id=15904, stack(0x0000004c4bc00000,0x0000004c4bd00000) (1024K)]
  0x0000016945fe6c90 JavaThread "Incoming local TCP Connector on port 64846"        [_thread_in_native, id=34676, stack(0x0000004c4bd00000,0x0000004c4be00000) (1024K)]
  0x0000016945fe5f70 JavaThread "Daemon periodic checks"            [_thread_blocked, id=30108, stack(0x0000004c4be00000,0x0000004c4bf00000) (1024K)]
  0x0000016945fe5250 JavaThread "Daemon"                            [_thread_blocked, id=8296, stack(0x0000004c4bf00000,0x0000004c4c000000) (1024K)]
  0x0000016945fe58e0 JavaThread "Handler for socket connection from /127.0.0.1:64846 to /127.0.0.1:64847"        [_thread_in_native, id=34468, stack(0x0000004c4c000000,0x0000004c4c100000) (1024K)]
  0x0000016945fe6600 JavaThread "Cancel handler"                    [_thread_blocked, id=5692, stack(0x0000004c4c800000,0x0000004c4c900000) (1024K)]
  0x000001694bace070 JavaThread "Daemon worker"                     [_thread_blocked, id=34552, stack(0x0000004c4c900000,0x0000004c4ca00000) (1024K)]
  0x000001694bacfab0 JavaThread "Asynchronous log dispatcher for DefaultDaemonConnection: socket connection from /127.0.0.1:64846 to /127.0.0.1:64847"        [_thread_blocked, id=22844, stack(0x0000004c4ca00000,0x0000004c4cb00000) (1024K)]
  0x000001694bad0140 JavaThread "Stdin handler"                     [_thread_blocked, id=23940, stack(0x0000004c4cb00000,0x0000004c4cc00000) (1024K)]
  0x000001694bad07d0 JavaThread "Daemon client event forwarder"        [_thread_blocked, id=11552, stack(0x0000004c4cc00000,0x0000004c4cd00000) (1024K)]
  0x000001694bad14f0 JavaThread "Cache worker for journal cache (C:\Users\THANH DAT\.gradle\caches\journal-1)"        [_thread_blocked, id=15888, stack(0x0000004c4cd00000,0x0000004c4ce00000) (1024K)]
  0x000001694bacf420 JavaThread "File lock request listener"        [_thread_in_native, id=34016, stack(0x0000004c4ce00000,0x0000004c4cf00000) (1024K)]
  0x000001694bad0e60 JavaThread "Cache worker for file hash cache (C:\Users\THANH DAT\.gradle\caches\9.7.1\fileHashes)"        [_thread_blocked, id=27688, stack(0x0000004c4cf00000,0x0000004c4d000000) (1024K)]
  0x000001694baced90 JavaThread "Cache worker for file hash cache (D:\LAB_NEW\.gradle\9.7.1\fileHashes)"        [_thread_blocked, id=23924, stack(0x0000004c4d000000,0x0000004c4d100000) (1024K)]
  0x000001694bef85c0 JavaThread "Cache worker for checksums cache (D:\LAB_NEW\.gradle\9.7.1\checksums)"        [_thread_blocked, id=13152, stack(0x0000004c4d100000,0x0000004c4d200000) (1024K)]
  0x000001694bef9970 JavaThread "Cache worker for Build Output Cleanup Cache (D:\LAB_NEW\.gradle\buildOutputCleanup)"        [_thread_blocked, id=18884, stack(0x0000004c4d200000,0x0000004c4d300000) (1024K)]
  0x000001694bef7f30 JavaThread "Cache worker for file content cache (C:\Users\THANH DAT\.gradle\caches\9.7.1\fileContent)"        [_thread_blocked, id=7732, stack(0x0000004c4d300000,0x0000004c4d400000) (1024K)]
  0x000001694befa000 JavaThread "File watcher server"        daemon [_thread_in_native, id=15536, stack(0x0000004c4d400000,0x0000004c4d500000) (1024K)]
  0x000001694befa690 JavaThread "File watcher consumer"      daemon [_thread_blocked, id=20052, stack(0x0000004c4d500000,0x0000004c4d600000) (1024K)]
  0x000001694647d4c0 JavaThread "Cache worker for cache directory md-supplier (C:\Users\THANH DAT\.gradle\caches\9.7.1\md-supplier)"        [_thread_blocked, id=24612, stack(0x0000004c4b700000,0x0000004c4b800000) (1024K)]
  0x000001694647db50 JavaThread "Cache worker for cache directory md-rule (C:\Users\THANH DAT\.gradle\caches\9.7.1\md-rule)"        [_thread_blocked, id=28216, stack(0x0000004c4d600000,0x0000004c4d700000) (1024K)]
  0x000001694647ef00 JavaThread "build event listener"              [_thread_blocked, id=26852, stack(0x0000004c4d900000,0x0000004c4da00000) (1024K)]
  0x000001694647f590 JavaThread "build event listener"              [_thread_blocked, id=5068, stack(0x0000004c4da00000,0x0000004c4db00000) (1024K)]
  0x000001694647e870 JavaThread "build event listener"              [_thread_blocked, id=26220, stack(0x0000004c4db00000,0x0000004c4dc00000) (1024K)]
  0x000001694647fc20 JavaThread "Build operations"                  [_thread_blocked, id=7424, stack(0x0000004c4dc00000,0x0000004c4dd00000) (1024K)]
  0x000001694647ce30 JavaThread "Memory manager"                    [_thread_blocked, id=13968, stack(0x0000004c4d800000,0x0000004c4d900000) (1024K)]
  0x000001694647ba80 JavaThread "included builds"                   [_thread_blocked, id=12460, stack(0x0000004c4dd00000,0x0000004c4de00000) (1024K)]
  0x00000169464802b0 JavaThread "Execution worker"                  [_thread_blocked, id=24180, stack(0x0000004c4de00000,0x0000004c4df00000) (1024K)]
  0x0000016946480fd0 JavaThread "Execution worker Thread 2"         [_thread_blocked, id=3036, stack(0x0000004c4df00000,0x0000004c4e000000) (1024K)]
  0x000001694647e1e0 JavaThread "Execution worker Thread 3"         [_thread_blocked, id=2228, stack(0x0000004c4e000000,0x0000004c4e100000) (1024K)]
  0x0000016946481cf0 JavaThread "Execution worker Thread 4"         [_thread_blocked, id=16484, stack(0x0000004c4e100000,0x0000004c4e200000) (1024K)]
  0x0000016946480940 JavaThread "Execution worker Thread 5"         [_thread_blocked, id=14420, stack(0x0000004c4e200000,0x0000004c4e300000) (1024K)]
  0x0000016946481660 JavaThread "Execution worker Thread 6"         [_thread_blocked, id=772, stack(0x0000004c4e300000,0x0000004c4e400000) (1024K)]
  0x0000016946482a10 JavaThread "Execution worker Thread 7"         [_thread_blocked, id=19732, stack(0x0000004c4e400000,0x0000004c4e500000) (1024K)]
  0x0000016946482380 JavaThread "Execution worker Thread 8"         [_thread_blocked, id=14308, stack(0x0000004c4e500000,0x0000004c4e600000) (1024K)]
  0x00000169464830a0 JavaThread "Execution worker Thread 9"         [_thread_blocked, id=33020, stack(0x0000004c4e600000,0x0000004c4e700000) (1024K)]
  0x0000016950a1d460 JavaThread "Execution worker Thread 10"        [_thread_blocked, id=17372, stack(0x0000004c4e700000,0x0000004c4e800000) (1024K)]
  0x0000016950a1daf0 JavaThread "Execution worker Thread 11"        [_thread_blocked, id=21316, stack(0x0000004c4e800000,0x0000004c4e900000) (1024K)]
  0x0000016950a1e180 JavaThread "Cache worker for execution history cache (D:\LAB_NEW\.gradle\9.7.1\executionHistory)"        [_thread_blocked, id=24864, stack(0x0000004c4e900000,0x0000004c4ea00000) (1024K)]
  0x0000016950a1b390 JavaThread "Build operations Thread 2"         [_thread_blocked, id=34132, stack(0x0000004c4ea00000,0x0000004c4eb00000) (1024K)]
  0x0000016950a1ad00 JavaThread "Build operations Thread 5"         [_thread_blocked, id=20896, stack(0x0000004c4eb00000,0x0000004c4ec00000) (1024K)]
  0x0000016950a1c740 JavaThread "Build operations Thread 4"         [_thread_blocked, id=18688, stack(0x0000004c4ec00000,0x0000004c4ed00000) (1024K)]
  0x0000016950a1e810 JavaThread "Build operations Thread 3"         [_thread_blocked, id=31524, stack(0x0000004c4ed00000,0x0000004c4ee00000) (1024K)]
  0x0000016950a1eea0 JavaThread "Build operations Thread 6"         [_thread_blocked, id=27768, stack(0x0000004c4ee00000,0x0000004c4ef00000) (1024K)]
  0x0000016950a1cdd0 JavaThread "Build operations Thread 7"         [_thread_blocked, id=32120, stack(0x0000004c4ef00000,0x0000004c4f000000) (1024K)]
  0x0000016950a1ba20 JavaThread "Build operations Thread 8"         [_thread_blocked, id=12900, stack(0x0000004c4f000000,0x0000004c4f100000) (1024K)]
  0x0000016950a1f530 JavaThread "Build operations Thread 9"         [_thread_blocked, id=23708, stack(0x0000004c4f100000,0x0000004c4f200000) (1024K)]
  0x0000016950a1c0b0 JavaThread "Build operations Thread 10"        [_thread_blocked, id=1548, stack(0x0000004c4f200000,0x0000004c4f300000) (1024K)]
  0x0000016950a1fbc0 JavaThread "Build operations Thread 11"        [_thread_blocked, id=17444, stack(0x0000004c4f300000,0x0000004c4f400000) (1024K)]
  0x0000016950a20250 JavaThread "Build operations Thread 12"        [_thread_blocked, id=23492, stack(0x0000004c4f400000,0x0000004c4f500000) (1024K)]
  0x0000016950a208e0 JavaThread "pool-2-thread-1"                   [_thread_blocked, id=304, stack(0x0000004c4f500000,0x0000004c4f600000) (1024K)]
  0x0000016950a22320 JavaThread "WorkerExecutor Queue"              [_thread_in_vm, id=33472, stack(0x0000004c4f600000,0x0000004c4f700000) (1024K)]
  0x0000016950748650 JavaThread "WorkerExecutor Queue Thread 2"        [_thread_blocked, id=33612, stack(0x0000004c4f700000,0x0000004c4f800000) (1024K)]
  0x0000016950747fc0 JavaThread "WorkerExecutor Queue Thread 3"        [_thread_blocked, id=26420, stack(0x0000004c4f800000,0x0000004c4f900000) (1024K)]
  0x0000016950749370 JavaThread "Cache worker for Java compile cache (C:\Users\THANH DAT\.gradle\caches\9.7.1\javaCompile)"        [_thread_blocked, id=28056, stack(0x0000004c4f900000,0x0000004c4fa00000) (1024K)]
  0x000001695074d510 JavaThread "WorkerExecutor Queue Thread 4"        [_thread_blocked, id=27976, stack(0x0000004c4fa00000,0x0000004c4fb00000) (1024K)]
  0x000001695074c160 JavaThread "Problems report writer"            [_thread_blocked, id=25836, stack(0x0000004c4fb00000,0x0000004c4fc00000) (1024K)]
  0x0000016950749a00 JavaThread "pool-3-thread-1"                   [_thread_blocked, id=17476, stack(0x0000004c4fc00000,0x0000004c4fd00000) (1024K)]
  0x0000016951a6b4a0 JavaThread "stderr"                            [_thread_in_native, id=21468, stack(0x0000004c4fd00000,0x0000004c4fe00000) (1024K)]
  0x0000016951a6c1c0 JavaThread "stdout"                            [_thread_in_native, id=12256, stack(0x0000004c4fe00000,0x0000004c4ff00000) (1024K)]
  0x00000169577775b0 JavaThread "WorkerExecutor Queue Thread 5"        [_thread_blocked, id=16564, stack(0x0000004c4d700000,0x0000004c4d800000) (1024K)]
  0x0000016957778960 JavaThread "WorkerExecutor Queue Thread 6"        [_thread_blocked, id=10012, stack(0x0000004c4ff00000,0x0000004c50000000) (1024K)]
  0x0000016957777c40 JavaThread "WorkerExecutor Queue Thread 7"        [_thread_blocked, id=30116, stack(0x0000004c50000000,0x0000004c50100000) (1024K)]
  0x0000016957778ff0 JavaThread "WorkerExecutor Queue Thread 8"        [_thread_blocked, id=33748, stack(0x0000004c50100000,0x0000004c50200000) (1024K)]
  0x0000016957779680 JavaThread "WorkerExecutor Queue Thread 9"        [_thread_blocked, id=21960, stack(0x0000004c50200000,0x0000004c50300000) (1024K)]
  0x00000169577782d0 JavaThread "WorkerExecutor Queue Thread 10"        [_thread_blocked, id=23728, stack(0x0000004c50300000,0x0000004c50400000) (1024K)]
  0x0000016957137870 JavaThread "WorkerExecutor Queue Thread 11"        [_thread_blocked, id=33768, stack(0x0000004c50400000,0x0000004c50500000) (1024K)]
  0x0000016957136b50 JavaThread "WorkerExecutor Queue Thread 12"        [_thread_blocked, id=31864, stack(0x0000004c50500000,0x0000004c50600000) (1024K)]
Total: 79

Other Threads:
  0x000001694584e3f0 VMThread "VM Thread"                           [id=29592, stack(0x0000004c4ac00000,0x0000004c4ad00000) (1024K)]
  0x00000169457ffee0 WatcherThread "VM Periodic Task Thread"        [id=20368, stack(0x0000004c4ab00000,0x0000004c4ac00000) (1024K)]
  0x000001692e3a8090 WorkerThread "GC Thread#0"                     [id=14788, stack(0x0000004c4a600000,0x0000004c4a700000) (1024K)]
  0x000001694b627890 WorkerThread "GC Thread#1"                     [id=9988, stack(0x0000004c4b800000,0x0000004c4b900000) (1024K)]
  0x000001694b627c40 WorkerThread "GC Thread#2"                     [id=25300, stack(0x0000004c4b900000,0x0000004c4ba00000) (1024K)]
  0x000001694b55e0e0 WorkerThread "GC Thread#3"                     [id=30432, stack(0x0000004c4ba00000,0x0000004c4bb00000) (1024K)]
  0x000001694b55e490 WorkerThread "GC Thread#4"                     [id=26496, stack(0x0000004c4bb00000,0x0000004c4bc00000) (1024K)]
  0x000001694d19edb0 WorkerThread "GC Thread#5"                     [id=31364, stack(0x0000004c4c100000,0x0000004c4c200000) (1024K)]
  0x000001694d1a03d0 WorkerThread "GC Thread#6"                     [id=6052, stack(0x0000004c4c200000,0x0000004c4c300000) (1024K)]
  0x000001694d19fc70 WorkerThread "GC Thread#7"                     [id=22856, stack(0x0000004c4c300000,0x0000004c4c400000) (1024K)]
  0x000001694d19f8c0 WorkerThread "GC Thread#8"                     [id=10048, stack(0x0000004c4c400000,0x0000004c4c500000) (1024K)]
  0x000001694d19ea00 WorkerThread "GC Thread#9"                     [id=34616, stack(0x0000004c4c500000,0x0000004c4c600000) (1024K)]
  0x000001692e3b9fa0 ConcurrentGCThread "G1 Main Marker"            [id=1936, stack(0x0000004c4a700000,0x0000004c4a800000) (1024K)]
  0x000001692e3ba9c0 WorkerThread "G1 Conc#0"                       [id=8348, stack(0x0000004c4a800000,0x0000004c4a900000) (1024K)]
  0x000001694d1a0020 WorkerThread "G1 Conc#1"                       [id=34556, stack(0x0000004c4c600000,0x0000004c4c700000) (1024K)]
  0x000001694d19f160 WorkerThread "G1 Conc#2"                       [id=30456, stack(0x0000004c4c700000,0x0000004c4c800000) (1024K)]
  0x0000016945759e10 ConcurrentGCThread "G1 Refine#0"               [id=33356, stack(0x0000004c4a900000,0x0000004c4aa00000) (1024K)]
  0x000001694575a640 ConcurrentGCThread "G1 Service"                [id=32172, stack(0x0000004c4aa00000,0x0000004c4ab00000) (1024K)]
Total: 18

Threads with active compile tasks:
C2 CompilerThread0  21675 14839       4       java.lang.invoke.MethodHandleImpl::makePairwiseConvertByEditor (617 bytes)
Total: 1

VM state: not at safepoint (normal execution)

VM Mutex/Monitor currently owned by a thread: None

Heap address: 0x0000000080000000, size: 2048 MB, Compressed Oops mode: 32-bit

CDS archive(s) not mapped
Compressed class space mapped at: 0x0000000100000000-0x0000000140000000, reserved size: 1073741824
Narrow klass base: 0x0000000000000000, Narrow klass shift: 3, Narrow klass range: 0x140000000

GC Precious Log:
 CardTable entry size: 512
 Card Set container configuration: InlinePtr #cards 5 size 8 Array Of Cards #cards 12 size 40 Howl #buckets 4 coarsen threshold 1843 Howl Bitmap #cards 512 size 80 coarsen threshold 460 Card regions per heap region 1 cards per card region 2048
 CPUs: 12 total, 12 available
 Memory: 15690M
 Large Page Support: Disabled
 NUMA Support: Disabled
 Compressed Oops: Enabled (32-bit)
 Heap Region Size: 1M
 Heap Min Capacity: 8M
 Heap Initial Capacity: 246M
 Heap Max Capacity: 2G
 Pre-touch: Disabled
 Parallel Workers: 10
 Concurrent Workers: 3
 Concurrent Refinement Workers: 10
 Periodic GC: Disabled

Heap:
 garbage-first heap   total 186368K, used 125631K [0x0000000080000000, 0x0000000100000000)
  region size 1024K, 22 young (22528K), 8 survivors (8192K)
 Metaspace       used 119517K, committed 121664K, reserved 1179648K
  class space    used 16281K, committed 17344K, reserved 1048576K

Heap Regions: E=young(eden), S=young(survivor), O=old, HS=humongous(starts), HC=humongous(continues), CS=collection set, F=free, TAMS=top-at-mark-start, PB=parsable bottom
|   0|0x0000000080000000, 0x0000000080100000, 0x0000000080100000|100%|HS|  |TAMS 0x0000000080000000| PB 0x0000000080000000| Complete 
|   1|0x0000000080100000, 0x0000000080200000, 0x0000000080200000|100%|HC|  |TAMS 0x0000000080100000| PB 0x0000000080100000| Complete 
|   2|0x0000000080200000, 0x0000000080300000, 0x0000000080300000|100%|HC|  |TAMS 0x0000000080200000| PB 0x0000000080200000| Complete 
|   3|0x0000000080300000, 0x0000000080400000, 0x0000000080400000|100%|HC|  |TAMS 0x0000000080300000| PB 0x0000000080300000| Complete 
|   4|0x0000000080400000, 0x0000000080400000, 0x0000000080500000|  0%| F|  |TAMS 0x0000000080400000| PB 0x0000000080400000| Untracked 
|   5|0x0000000080500000, 0x0000000080600000, 0x0000000080600000|100%| O|  |TAMS 0x0000000080500000| PB 0x0000000080500000| Untracked 
|   6|0x0000000080600000, 0x0000000080700000, 0x0000000080700000|100%| O|  |TAMS 0x0000000080600000| PB 0x0000000080600000| Untracked 
|   7|0x0000000080700000, 0x0000000080800000, 0x0000000080800000|100%| O|  |TAMS 0x0000000080700000| PB 0x0000000080700000| Untracked 
|   8|0x0000000080800000, 0x0000000080900000, 0x0000000080900000|100%| O|  |TAMS 0x0000000080800000| PB 0x0000000080800000| Untracked 
|   9|0x0000000080900000, 0x0000000080a00000, 0x0000000080a00000|100%| O|  |TAMS 0x0000000080900000| PB 0x0000000080900000| Untracked 
|  10|0x0000000080a00000, 0x0000000080b00000, 0x0000000080b00000|100%| O|  |TAMS 0x0000000080a00000| PB 0x0000000080a00000| Untracked 
|  11|0x0000000080b00000, 0x0000000080c00000, 0x0000000080c00000|100%|HS|  |TAMS 0x0000000080b00000| PB 0x0000000080b00000| Complete 
|  12|0x0000000080c00000, 0x0000000080d00000, 0x0000000080d00000|100%| O|  |TAMS 0x0000000080c00000| PB 0x0000000080c00000| Untracked 
|  13|0x0000000080d00000, 0x0000000080e00000, 0x0000000080e00000|100%| O|  |TAMS 0x0000000080d00000| PB 0x0000000080d00000| Untracked 
|  14|0x0000000080e00000, 0x0000000080f00000, 0x0000000080f00000|100%| O|  |TAMS 0x0000000080e00000| PB 0x0000000080e00000| Untracked 
|  15|0x0000000080f00000, 0x0000000081000000, 0x0000000081000000|100%| O|  |TAMS 0x0000000080f00000| PB 0x0000000080f00000| Untracked 
|  16|0x0000000081000000, 0x0000000081100000, 0x0000000081100000|100%| O|  |TAMS 0x0000000081000000| PB 0x0000000081000000| Untracked 
|  17|0x0000000081100000, 0x0000000081200000, 0x0000000081200000|100%| O|  |TAMS 0x0000000081100000| PB 0x0000000081100000| Untracked 
|  18|0x0000000081200000, 0x0000000081300000, 0x0000000081300000|100%| O|  |TAMS 0x0000000081200000| PB 0x0000000081200000| Untracked 
|  19|0x0000000081300000, 0x0000000081400000, 0x0000000081400000|100%| O|  |TAMS 0x0000000081300000| PB 0x0000000081300000| Untracked 
|  20|0x0000000081400000, 0x0000000081500000, 0x0000000081500000|100%| O|  |TAMS 0x0000000081400000| PB 0x0000000081400000| Untracked 
|  21|0x0000000081500000, 0x0000000081600000, 0x0000000081600000|100%| O|  |TAMS 0x0000000081500000| PB 0x0000000081500000| Untracked 
|  22|0x0000000081600000, 0x0000000081700000, 0x0000000081700000|100%| O|  |TAMS 0x0000000081600000| PB 0x0000000081600000| Untracked 
|  23|0x0000000081700000, 0x0000000081800000, 0x0000000081800000|100%| O|  |TAMS 0x0000000081700000| PB 0x0000000081700000| Untracked 
|  24|0x0000000081800000, 0x0000000081900000, 0x0000000081900000|100%|HS|  |TAMS 0x0000000081800000| PB 0x0000000081800000| Complete 
|  25|0x0000000081900000, 0x0000000081a00000, 0x0000000081a00000|100%|HS|  |TAMS 0x0000000081900000| PB 0x0000000081900000| Complete 
|  26|0x0000000081a00000, 0x0000000081b00000, 0x0000000081b00000|100%|HS|  |TAMS 0x0000000081a00000| PB 0x0000000081a00000| Complete 
|  27|0x0000000081b00000, 0x0000000081c00000, 0x0000000081c00000|100%|HS|  |TAMS 0x0000000081b00000| PB 0x0000000081b00000| Complete 
|  28|0x0000000081c00000, 0x0000000081d00000, 0x0000000081d00000|100%|HS|  |TAMS 0x0000000081c00000| PB 0x0000000081c00000| Complete 
|  29|0x0000000081d00000, 0x0000000081e00000, 0x0000000081e00000|100%| O|  |TAMS 0x0000000081d00000| PB 0x0000000081d00000| Untracked 
|  30|0x0000000081e00000, 0x0000000081f00000, 0x0000000081f00000|100%| O|  |TAMS 0x0000000081e00000| PB 0x0000000081e00000| Untracked 
|  31|0x0000000081f00000, 0x0000000082000000, 0x0000000082000000|100%| O|  |TAMS 0x0000000081f00000| PB 0x0000000081f00000| Untracked 
|  32|0x0000000082000000, 0x0000000082100000, 0x0000000082100000|100%| O|  |TAMS 0x0000000082000000| PB 0x0000000082000000| Untracked 
|  33|0x0000000082100000, 0x0000000082200000, 0x0000000082200000|100%| O|  |TAMS 0x0000000082100000| PB 0x0000000082100000| Untracked 
|  34|0x0000000082200000, 0x0000000082300000, 0x0000000082300000|100%| O|  |TAMS 0x0000000082200000| PB 0x0000000082200000| Untracked 
|  35|0x0000000082300000, 0x0000000082400000, 0x0000000082400000|100%|HS|  |TAMS 0x0000000082300000| PB 0x0000000082300000| Complete 
|  36|0x0000000082400000, 0x0000000082500000, 0x0000000082500000|100%|HC|  |TAMS 0x0000000082400000| PB 0x0000000082400000| Complete 
|  37|0x0000000082500000, 0x0000000082600000, 0x0000000082600000|100%|HS|  |TAMS 0x0000000082500000| PB 0x0000000082500000| Complete 
|  38|0x0000000082600000, 0x0000000082700000, 0x0000000082700000|100%|HC|  |TAMS 0x0000000082600000| PB 0x0000000082600000| Complete 
|  39|0x0000000082700000, 0x0000000082800000, 0x0000000082800000|100%| O|  |TAMS 0x0000000082700000| PB 0x0000000082700000| Untracked 
|  40|0x0000000082800000, 0x0000000082900000, 0x0000000082900000|100%|HS|  |TAMS 0x0000000082800000| PB 0x0000000082800000| Complete 
|  41|0x0000000082900000, 0x0000000082a00000, 0x0000000082a00000|100%| O|  |TAMS 0x0000000082900000| PB 0x0000000082900000| Untracked 
|  42|0x0000000082a00000, 0x0000000082b00000, 0x0000000082b00000|100%| O|  |TAMS 0x0000000082a00000| PB 0x0000000082a00000| Untracked 
|  43|0x0000000082b00000, 0x0000000082c00000, 0x0000000082c00000|100%| O|  |TAMS 0x0000000082b00000| PB 0x0000000082b00000| Untracked 
|  44|0x0000000082c00000, 0x0000000082d00000, 0x0000000082d00000|100%| O|  |TAMS 0x0000000082c00000| PB 0x0000000082c00000| Untracked 
|  45|0x0000000082d00000, 0x0000000082e00000, 0x0000000082e00000|100%| O|  |TAMS 0x0000000082d00000| PB 0x0000000082d00000| Untracked 
|  46|0x0000000082e00000, 0x0000000082f00000, 0x0000000082f00000|100%| O|  |TAMS 0x0000000082e00000| PB 0x0000000082e00000| Untracked 
|  47|0x0000000082f00000, 0x0000000083000000, 0x0000000083000000|100%| O|  |TAMS 0x0000000082f00000| PB 0x0000000082f00000| Untracked 
|  48|0x0000000083000000, 0x0000000083100000, 0x0000000083100000|100%| O|  |TAMS 0x0000000083000000| PB 0x0000000083000000| Untracked 
|  49|0x0000000083100000, 0x0000000083200000, 0x0000000083200000|100%| O|  |TAMS 0x0000000083100000| PB 0x0000000083100000| Untracked 
|  50|0x0000000083200000, 0x0000000083300000, 0x0000000083300000|100%| O|  |TAMS 0x0000000083200000| PB 0x0000000083200000| Untracked 
|  51|0x0000000083300000, 0x0000000083400000, 0x0000000083400000|100%| O|  |TAMS 0x0000000083300000| PB 0x0000000083300000| Untracked 
|  52|0x0000000083400000, 0x0000000083500000, 0x0000000083500000|100%| O|  |TAMS 0x0000000083400000| PB 0x0000000083400000| Untracked 
|  53|0x0000000083500000, 0x0000000083600000, 0x0000000083600000|100%| O|  |TAMS 0x0000000083500000| PB 0x0000000083500000| Untracked 
|  54|0x0000000083600000, 0x0000000083600000, 0x0000000083700000|  0%| F|  |TAMS 0x0000000083600000| PB 0x0000000083600000| Untracked 
|  55|0x0000000083700000, 0x0000000083800000, 0x0000000083800000|100%| O|  |TAMS 0x0000000083700000| PB 0x0000000083700000| Untracked 
|  56|0x0000000083800000, 0x0000000083900000, 0x0000000083900000|100%| O|  |TAMS 0x0000000083800000| PB 0x0000000083800000| Untracked 
|  57|0x0000000083900000, 0x0000000083a00000, 0x0000000083a00000|100%| O|  |TAMS 0x0000000083900000| PB 0x0000000083900000| Untracked 
|  58|0x0000000083a00000, 0x0000000083b00000, 0x0000000083b00000|100%| O|  |TAMS 0x0000000083a00000| PB 0x0000000083a00000| Untracked 
|  59|0x0000000083b00000, 0x0000000083b00000, 0x0000000083c00000|  0%| F|  |TAMS 0x0000000083b00000| PB 0x0000000083b00000| Untracked 
|  60|0x0000000083c00000, 0x0000000083d00000, 0x0000000083d00000|100%| O|  |TAMS 0x0000000083c00000| PB 0x0000000083c00000| Untracked 
|  61|0x0000000083d00000, 0x0000000083e00000, 0x0000000083e00000|100%| O|  |TAMS 0x0000000083d00000| PB 0x0000000083d00000| Untracked 
|  62|0x0000000083e00000, 0x0000000083e00000, 0x0000000083f00000|  0%| F|  |TAMS 0x0000000083e00000| PB 0x0000000083e00000| Untracked 
|  63|0x0000000083f00000, 0x0000000084000000, 0x0000000084000000|100%| O|  |TAMS 0x0000000083f00000| PB 0x0000000083f00000| Untracked 
|  64|0x0000000084000000, 0x0000000084100000, 0x0000000084100000|100%| O|  |TAMS 0x0000000084000000| PB 0x0000000084000000| Untracked 
|  65|0x0000000084100000, 0x0000000084200000, 0x0000000084200000|100%| O|  |TAMS 0x0000000084100000| PB 0x0000000084100000| Untracked 
|  66|0x0000000084200000, 0x0000000084300000, 0x0000000084300000|100%| O|  |TAMS 0x0000000084200000| PB 0x0000000084200000| Untracked 
|  67|0x0000000084300000, 0x0000000084400000, 0x0000000084400000|100%| O|  |TAMS 0x0000000084300000| PB 0x0000000084300000| Untracked 
|  68|0x0000000084400000, 0x0000000084500000, 0x0000000084500000|100%| O|  |TAMS 0x0000000084400000| PB 0x0000000084400000| Untracked 
|  69|0x0000000084500000, 0x0000000084600000, 0x0000000084600000|100%| O|  |TAMS 0x0000000084500000| PB 0x0000000084500000| Untracked 
|  70|0x0000000084600000, 0x0000000084700000, 0x0000000084700000|100%| O|  |TAMS 0x0000000084600000| PB 0x0000000084600000| Untracked 
|  71|0x0000000084700000, 0x0000000084800000, 0x0000000084800000|100%| O|  |TAMS 0x0000000084700000| PB 0x0000000084700000| Untracked 
|  72|0x0000000084800000, 0x0000000084900000, 0x0000000084900000|100%| O|  |TAMS 0x0000000084800000| PB 0x0000000084800000| Untracked 
|  73|0x0000000084900000, 0x0000000084900000, 0x0000000084a00000|  0%| F|  |TAMS 0x0000000084900000| PB 0x0000000084900000| Untracked 
|  74|0x0000000084a00000, 0x0000000084b00000, 0x0000000084b00000|100%| O|  |TAMS 0x0000000084a00000| PB 0x0000000084a00000| Untracked 
|  75|0x0000000084b00000, 0x0000000084c00000, 0x0000000084c00000|100%| O|  |TAMS 0x0000000084b00000| PB 0x0000000084b00000| Untracked 
|  76|0x0000000084c00000, 0x0000000084d00000, 0x0000000084d00000|100%| O|  |TAMS 0x0000000084c00000| PB 0x0000000084c00000| Untracked 
|  77|0x0000000084d00000, 0x0000000084e00000, 0x0000000084e00000|100%| O|  |TAMS 0x0000000084d00000| PB 0x0000000084d00000| Untracked 
|  78|0x0000000084e00000, 0x0000000084f00000, 0x0000000084f00000|100%| O|  |TAMS 0x0000000084e00000| PB 0x0000000084e00000| Untracked 
|  79|0x0000000084f00000, 0x0000000085000000, 0x0000000085000000|100%|HS|  |TAMS 0x0000000084f00000| PB 0x0000000084f00000| Complete 
|  80|0x0000000085000000, 0x0000000085100000, 0x0000000085100000|100%|HC|  |TAMS 0x0000000085000000| PB 0x0000000085000000| Complete 
|  81|0x0000000085100000, 0x0000000085100000, 0x0000000085200000|  0%| F|  |TAMS 0x0000000085100000| PB 0x0000000085100000| Untracked 
|  82|0x0000000085200000, 0x0000000085300000, 0x0000000085300000|100%| O|  |TAMS 0x0000000085200000| PB 0x0000000085200000| Untracked 
|  83|0x0000000085300000, 0x0000000085400000, 0x0000000085400000|100%| O|  |TAMS 0x0000000085300000| PB 0x0000000085300000| Untracked 
|  84|0x0000000085400000, 0x0000000085500000, 0x0000000085500000|100%| O|  |TAMS 0x0000000085400000| PB 0x0000000085400000| Untracked 
|  85|0x0000000085500000, 0x0000000085500000, 0x0000000085600000|  0%| F|  |TAMS 0x0000000085500000| PB 0x0000000085500000| Untracked 
|  86|0x0000000085600000, 0x0000000085700000, 0x0000000085700000|100%| O|  |TAMS 0x0000000085600000| PB 0x0000000085600000| Untracked 
|  87|0x0000000085700000, 0x0000000085800000, 0x0000000085800000|100%| O|  |TAMS 0x0000000085700000| PB 0x0000000085700000| Untracked 
|  88|0x0000000085800000, 0x0000000085900000, 0x0000000085900000|100%| O|  |TAMS 0x0000000085800000| PB 0x0000000085800000| Untracked 
|  89|0x0000000085900000, 0x0000000085a00000, 0x0000000085a00000|100%| O|  |TAMS 0x0000000085900000| PB 0x0000000085900000| Untracked 
|  90|0x0000000085a00000, 0x0000000085b00000, 0x0000000085b00000|100%| O|  |TAMS 0x0000000085a00000| PB 0x0000000085a00000| Untracked 
|  91|0x0000000085b00000, 0x0000000085c00000, 0x0000000085c00000|100%| O|  |TAMS 0x0000000085b00000| PB 0x0000000085b00000| Untracked 
|  92|0x0000000085c00000, 0x0000000085d00000, 0x0000000085d00000|100%| O|  |TAMS 0x0000000085c00000| PB 0x0000000085c00000| Untracked 
|  93|0x0000000085d00000, 0x0000000085e00000, 0x0000000085e00000|100%| O|  |TAMS 0x0000000085d00000| PB 0x0000000085d00000| Untracked 
|  94|0x0000000085e00000, 0x0000000085f00000, 0x0000000085f00000|100%| O|  |TAMS 0x0000000085e00000| PB 0x0000000085e00000| Untracked 
|  95|0x0000000085f00000, 0x0000000086000000, 0x0000000086000000|100%| O|  |TAMS 0x0000000085f00000| PB 0x0000000085f00000| Untracked 
|  96|0x0000000086000000, 0x0000000086100000, 0x0000000086100000|100%| O|  |TAMS 0x0000000086000000| PB 0x0000000086000000| Untracked 
|  97|0x0000000086100000, 0x0000000086200000, 0x0000000086200000|100%| O|  |TAMS 0x0000000086100000| PB 0x0000000086100000| Untracked 
|  98|0x0000000086200000, 0x0000000086300000, 0x0000000086300000|100%| O|  |TAMS 0x0000000086200000| PB 0x0000000086200000| Untracked 
|  99|0x0000000086300000, 0x0000000086400000, 0x0000000086400000|100%| O|  |TAMS 0x0000000086300000| PB 0x0000000086300000| Untracked 
| 100|0x0000000086400000, 0x0000000086500000, 0x0000000086500000|100%| O|  |TAMS 0x0000000086400000| PB 0x0000000086400000| Untracked 
| 101|0x0000000086500000, 0x00000000865afc40, 0x0000000086600000| 68%| O|  |TAMS 0x0000000086500000| PB 0x0000000086500000| Untracked 
| 102|0x0000000086600000, 0x0000000086600000, 0x0000000086700000|  0%| F|  |TAMS 0x0000000086600000| PB 0x0000000086600000| Untracked 
| 103|0x0000000086700000, 0x0000000086700000, 0x0000000086800000|  0%| F|  |TAMS 0x0000000086700000| PB 0x0000000086700000| Untracked 
| 104|0x0000000086800000, 0x0000000086800000, 0x0000000086900000|  0%| F|  |TAMS 0x0000000086800000| PB 0x0000000086800000| Untracked 
| 105|0x0000000086900000, 0x0000000086900000, 0x0000000086a00000|  0%| F|  |TAMS 0x0000000086900000| PB 0x0000000086900000| Untracked 
| 106|0x0000000086a00000, 0x0000000086b00000, 0x0000000086b00000|100%| S|CS|TAMS 0x0000000086a00000| PB 0x0000000086a00000| Complete 
| 107|0x0000000086b00000, 0x0000000086c00000, 0x0000000086c00000|100%| S|CS|TAMS 0x0000000086b00000| PB 0x0000000086b00000| Complete 
| 108|0x0000000086c00000, 0x0000000086d00000, 0x0000000086d00000|100%| S|CS|TAMS 0x0000000086c00000| PB 0x0000000086c00000| Complete 
| 109|0x0000000086d00000, 0x0000000086e00000, 0x0000000086e00000|100%| S|CS|TAMS 0x0000000086d00000| PB 0x0000000086d00000| Complete 
| 110|0x0000000086e00000, 0x0000000086f00000, 0x0000000086f00000|100%| S|CS|TAMS 0x0000000086e00000| PB 0x0000000086e00000| Complete 
| 111|0x0000000086f00000, 0x0000000087000000, 0x0000000087000000|100%| S|CS|TAMS 0x0000000086f00000| PB 0x0000000086f00000| Complete 
| 112|0x0000000087000000, 0x0000000087100000, 0x0000000087100000|100%| S|CS|TAMS 0x0000000087000000| PB 0x0000000087000000| Complete 
| 113|0x0000000087100000, 0x0000000087200000, 0x0000000087200000|100%| S|CS|TAMS 0x0000000087100000| PB 0x0000000087100000| Complete 
| 114|0x0000000087200000, 0x0000000087200000, 0x0000000087300000|  0%| F|  |TAMS 0x0000000087200000| PB 0x0000000087200000| Untracked 
| 115|0x0000000087300000, 0x0000000087300000, 0x0000000087400000|  0%| F|  |TAMS 0x0000000087300000| PB 0x0000000087300000| Untracked 
| 116|0x0000000087400000, 0x0000000087400000, 0x0000000087500000|  0%| F|  |TAMS 0x0000000087400000| PB 0x0000000087400000| Untracked 
| 117|0x0000000087500000, 0x0000000087500000, 0x0000000087600000|  0%| F|  |TAMS 0x0000000087500000| PB 0x0000000087500000| Untracked 
| 118|0x0000000087600000, 0x0000000087600000, 0x0000000087700000|  0%| F|  |TAMS 0x0000000087600000| PB 0x0000000087600000| Untracked 
| 119|0x0000000087700000, 0x0000000087700000, 0x0000000087800000|  0%| F|  |TAMS 0x0000000087700000| PB 0x0000000087700000| Untracked 
| 120|0x0000000087800000, 0x0000000087800000, 0x0000000087900000|  0%| F|  |TAMS 0x0000000087800000| PB 0x0000000087800000| Untracked 
| 121|0x0000000087900000, 0x0000000087900000, 0x0000000087a00000|  0%| F|  |TAMS 0x0000000087900000| PB 0x0000000087900000| Untracked 
| 122|0x0000000087a00000, 0x0000000087a00000, 0x0000000087b00000|  0%| F|  |TAMS 0x0000000087a00000| PB 0x0000000087a00000| Untracked 
| 123|0x0000000087b00000, 0x0000000087b00000, 0x0000000087c00000|  0%| F|  |TAMS 0x0000000087b00000| PB 0x0000000087b00000| Untracked 
| 124|0x0000000087c00000, 0x0000000087c00000, 0x0000000087d00000|  0%| F|  |TAMS 0x0000000087c00000| PB 0x0000000087c00000| Untracked 
| 125|0x0000000087d00000, 0x0000000087d00000, 0x0000000087e00000|  0%| F|  |TAMS 0x0000000087d00000| PB 0x0000000087d00000| Untracked 
| 126|0x0000000087e00000, 0x0000000087e00000, 0x0000000087f00000|  0%| F|  |TAMS 0x0000000087e00000| PB 0x0000000087e00000| Untracked 
| 127|0x0000000087f00000, 0x0000000087f00000, 0x0000000088000000|  0%| F|  |TAMS 0x0000000087f00000| PB 0x0000000087f00000| Untracked 
| 128|0x0000000088000000, 0x0000000088000000, 0x0000000088100000|  0%| F|  |TAMS 0x0000000088000000| PB 0x0000000088000000| Untracked 
| 129|0x0000000088100000, 0x0000000088100000, 0x0000000088200000|  0%| F|  |TAMS 0x0000000088100000| PB 0x0000000088100000| Untracked 
| 130|0x0000000088200000, 0x0000000088200000, 0x0000000088300000|  0%| F|  |TAMS 0x0000000088200000| PB 0x0000000088200000| Untracked 
| 131|0x0000000088300000, 0x0000000088300000, 0x0000000088400000|  0%| F|  |TAMS 0x0000000088300000| PB 0x0000000088300000| Untracked 
| 132|0x0000000088400000, 0x0000000088400000, 0x0000000088500000|  0%| F|  |TAMS 0x0000000088400000| PB 0x0000000088400000| Untracked 
| 133|0x0000000088500000, 0x0000000088500000, 0x0000000088600000|  0%| F|  |TAMS 0x0000000088500000| PB 0x0000000088500000| Untracked 
| 134|0x0000000088600000, 0x0000000088600000, 0x0000000088700000|  0%| F|  |TAMS 0x0000000088600000| PB 0x0000000088600000| Untracked 
| 135|0x0000000088700000, 0x0000000088700000, 0x0000000088800000|  0%| F|  |TAMS 0x0000000088700000| PB 0x0000000088700000| Untracked 
| 136|0x0000000088800000, 0x0000000088800000, 0x0000000088900000|  0%| F|  |TAMS 0x0000000088800000| PB 0x0000000088800000| Untracked 
| 137|0x0000000088900000, 0x0000000088900000, 0x0000000088a00000|  0%| F|  |TAMS 0x0000000088900000| PB 0x0000000088900000| Untracked 
| 138|0x0000000088a00000, 0x0000000088a00000, 0x0000000088b00000|  0%| F|  |TAMS 0x0000000088a00000| PB 0x0000000088a00000| Untracked 
| 139|0x0000000088b00000, 0x0000000088b00000, 0x0000000088c00000|  0%| F|  |TAMS 0x0000000088b00000| PB 0x0000000088b00000| Untracked 
| 140|0x0000000088c00000, 0x0000000088c00000, 0x0000000088d00000|  0%| F|  |TAMS 0x0000000088c00000| PB 0x0000000088c00000| Untracked 
| 141|0x0000000088d00000, 0x0000000088d00000, 0x0000000088e00000|  0%| F|  |TAMS 0x0000000088d00000| PB 0x0000000088d00000| Untracked 
| 142|0x0000000088e00000, 0x0000000088e00000, 0x0000000088f00000|  0%| F|  |TAMS 0x0000000088e00000| PB 0x0000000088e00000| Untracked 
| 143|0x0000000088f00000, 0x0000000088f00000, 0x0000000089000000|  0%| F|  |TAMS 0x0000000088f00000| PB 0x0000000088f00000| Untracked 
| 144|0x0000000089000000, 0x0000000089000000, 0x0000000089100000|  0%| F|  |TAMS 0x0000000089000000| PB 0x0000000089000000| Untracked 
| 145|0x0000000089100000, 0x0000000089100000, 0x0000000089200000|  0%| F|  |TAMS 0x0000000089100000| PB 0x0000000089100000| Untracked 
| 146|0x0000000089200000, 0x0000000089200000, 0x0000000089300000|  0%| F|  |TAMS 0x0000000089200000| PB 0x0000000089200000| Untracked 
| 147|0x0000000089300000, 0x0000000089300000, 0x0000000089400000|  0%| F|  |TAMS 0x0000000089300000| PB 0x0000000089300000| Untracked 
| 148|0x0000000089400000, 0x0000000089400000, 0x0000000089500000|  0%| F|  |TAMS 0x0000000089400000| PB 0x0000000089400000| Untracked 
| 149|0x0000000089500000, 0x0000000089500000, 0x0000000089600000|  0%| F|  |TAMS 0x0000000089500000| PB 0x0000000089500000| Untracked 
| 173|0x000000008ad00000, 0x000000008ad00000, 0x000000008ae00000|  0%| F|  |TAMS 0x000000008ad00000| PB 0x000000008ad00000| Untracked 
| 174|0x000000008ae00000, 0x000000008ae00000, 0x000000008af00000|  0%| F|  |TAMS 0x000000008ae00000| PB 0x000000008ae00000| Untracked 
| 175|0x000000008af00000, 0x000000008af00000, 0x000000008b000000|  0%| F|  |TAMS 0x000000008af00000| PB 0x000000008af00000| Untracked 
| 176|0x000000008b000000, 0x000000008b000000, 0x000000008b100000|  0%| F|  |TAMS 0x000000008b000000| PB 0x000000008b000000| Untracked 
| 177|0x000000008b100000, 0x000000008b100000, 0x000000008b200000|  0%| F|  |TAMS 0x000000008b100000| PB 0x000000008b100000| Untracked 
| 178|0x000000008b200000, 0x000000008b200000, 0x000000008b300000|  0%| F|  |TAMS 0x000000008b200000| PB 0x000000008b200000| Untracked 
| 179|0x000000008b300000, 0x000000008b300000, 0x000000008b400000|  0%| F|  |TAMS 0x000000008b300000| PB 0x000000008b300000| Untracked 
| 180|0x000000008b400000, 0x000000008b400000, 0x000000008b500000|  0%| F|  |TAMS 0x000000008b400000| PB 0x000000008b400000| Untracked 
| 181|0x000000008b500000, 0x000000008b54a0a8, 0x000000008b600000| 28%| E|  |TAMS 0x000000008b500000| PB 0x000000008b500000| Complete 
| 245|0x000000008f500000, 0x000000008f600000, 0x000000008f600000|100%| E|CS|TAMS 0x000000008f500000| PB 0x000000008f500000| Complete 
|2026|0x00000000fea00000, 0x00000000feb00000, 0x00000000feb00000|100%| E|CS|TAMS 0x00000000fea00000| PB 0x00000000fea00000| Complete 
|2027|0x00000000feb00000, 0x00000000fec00000, 0x00000000fec00000|100%| E|  |TAMS 0x00000000feb00000| PB 0x00000000feb00000| Complete 
|2028|0x00000000fec00000, 0x00000000fed00000, 0x00000000fed00000|100%| E|CS|TAMS 0x00000000fec00000| PB 0x00000000fec00000| Complete 
|2029|0x00000000fed00000, 0x00000000fee00000, 0x00000000fee00000|100%| E|CS|TAMS 0x00000000fed00000| PB 0x00000000fed00000| Complete 
|2030|0x00000000fee00000, 0x00000000fef00000, 0x00000000fef00000|100%| E|CS|TAMS 0x00000000fee00000| PB 0x00000000fee00000| Complete 
|2031|0x00000000fef00000, 0x00000000ff000000, 0x00000000ff000000|100%| E|CS|TAMS 0x00000000fef00000| PB 0x00000000fef00000| Complete 
|2032|0x00000000ff000000, 0x00000000ff100000, 0x00000000ff100000|100%| E|CS|TAMS 0x00000000ff000000| PB 0x00000000ff000000| Complete 
|2033|0x00000000ff100000, 0x00000000ff200000, 0x00000000ff200000|100%| E|CS|TAMS 0x00000000ff100000| PB 0x00000000ff100000| Complete 
|2034|0x00000000ff200000, 0x00000000ff300000, 0x00000000ff300000|100%| E|CS|TAMS 0x00000000ff200000| PB 0x00000000ff200000| Complete 
|2035|0x00000000ff300000, 0x00000000ff400000, 0x00000000ff400000|100%| E|CS|TAMS 0x00000000ff300000| PB 0x00000000ff300000| Complete 
|2036|0x00000000ff400000, 0x00000000ff500000, 0x00000000ff500000|100%| E|CS|TAMS 0x00000000ff400000| PB 0x00000000ff400000| Complete 
|2037|0x00000000ff500000, 0x00000000ff600000, 0x00000000ff600000|100%| E|CS|TAMS 0x00000000ff500000| PB 0x00000000ff500000| Complete 
|2038|0x00000000ff600000, 0x00000000ff700000, 0x00000000ff700000|100%| O|  |TAMS 0x00000000ff600000| PB 0x00000000ff600000| Untracked 
|2039|0x00000000ff700000, 0x00000000ff800000, 0x00000000ff800000|100%| E|CS|TAMS 0x00000000ff700000| PB 0x00000000ff700000| Complete 
|2040|0x00000000ff800000, 0x00000000ff900000, 0x00000000ff900000|100%| O|  |TAMS 0x00000000ff800000| PB 0x00000000ff800000| Untracked 
|2041|0x00000000ff900000, 0x00000000ffa00000, 0x00000000ffa00000|100%| O|  |TAMS 0x00000000ff900000| PB 0x00000000ff900000| Untracked 
|2042|0x00000000ffa00000, 0x00000000ffb00000, 0x00000000ffb00000|100%| O|  |TAMS 0x00000000ffa00000| PB 0x00000000ffa00000| Untracked 
|2043|0x00000000ffb00000, 0x00000000ffc00000, 0x00000000ffc00000|100%| E|CS|TAMS 0x00000000ffb00000| PB 0x00000000ffb00000| Complete 
|2044|0x00000000ffc00000, 0x00000000ffd00000, 0x00000000ffd00000|100%| O|  |TAMS 0x00000000ffc00000| PB 0x00000000ffc00000| Untracked 
|2045|0x00000000ffd00000, 0x00000000ffe00000, 0x00000000ffe00000|100%| O|  |TAMS 0x00000000ffd00000| PB 0x00000000ffd00000| Untracked 
|2046|0x00000000ffe00000, 0x00000000fff00000, 0x00000000fff00000|100%| O|  |TAMS 0x00000000ffe00000| PB 0x00000000ffe00000| Untracked 
|2047|0x00000000fff00000, 0x0000000100000000, 0x0000000100000000|100%| O|  |TAMS 0x00000000fff00000| PB 0x00000000fff00000| Untracked 

Card table byte_map: [0x0000016940e00000,0x0000016941200000] _byte_map_base: 0x0000016940a00000

Marking Bits: (CMBitMap*) 0x000001692e3a96c0
 Bits: [0x0000016941200000, 0x0000016943200000)

Polling page: 0x000001692c1f0000

Metaspace:

Usage:
  Non-class:    101.04 MB used.
      Class:     16.00 MB used.
       Both:    117.04 MB used.

Virtual space:
  Non-class space:      128.00 MB reserved,     102.12 MB ( 80%) committed,  2 nodes.
      Class space:        1.00 GB reserved,      17.06 MB (  2%) committed,  1 nodes.
             Both:        1.12 GB reserved,     119.19 MB ( 10%) committed. 

Chunk freelists:
   Non-Class:  9.17 MB
       Class:  14.92 MB
        Both:  24.09 MB

MaxMetaspaceSize: unlimited
CompressedClassSpaceSize: 1.00 GB
Initial GC threshold: 21.00 MB
Current GC threshold: 181.25 MB
CDS: off
 - commit_granule_bytes: 65536.
 - commit_granule_words: 8192.
 - virtual_space_node_default_size: 8388608.
 - enlarge_chunks_in_place: 1.
 - use_allocation_guard: 0.


Internal statistics:

num_allocs_failed_limit: 6.
num_arena_births: 4434.
num_arena_deaths: 18.
num_vsnodes_births: 3.
num_vsnodes_deaths: 0.
num_space_committed: 1905.
num_space_uncommitted: 0.
num_chunks_returned_to_freelist: 32.
num_chunks_taken_from_freelist: 10247.
num_chunk_merges: 10.
num_chunk_splits: 6303.
num_chunks_enlarged: 3392.
num_inconsistent_stats: 0.

CodeHeap 'non-profiled nmethods': size=120000Kb used=6453Kb max_used=6453Kb free=113546Kb
 bounds [0x0000016938f80000, 0x00000169395d0000, 0x00000169404b0000]
CodeHeap 'profiled nmethods': size=120000Kb used=23640Kb max_used=23640Kb free=96359Kb
 bounds [0x00000169314b0000, 0x0000016932bd0000, 0x00000169389e0000]
CodeHeap 'non-nmethods': size=5760Kb used=1970Kb max_used=1991Kb free=3789Kb
 bounds [0x00000169389e0000, 0x0000016938c50000, 0x0000016938f80000]
CodeCache: size=245760Kb, used=32063Kb, max_used=32084Kb, free=213694Kb
 total_blobs=13044, nmethods=12197, adapters=751, full_count=0
Compilation: enabled, stopped_count=0, restarted_count=0

Compilation events (20 events):
Event: 21.540 Thread 0x0000016945ffc450 14880       3       com.android.tools.r8.internal.ip::<init> (10 bytes)
Event: 21.540 Thread 0x0000016945ffc450 nmethod 14880 0x0000016932bb9f10 code [0x0000016932bba0c0, 0x0000016932bba2e0]
Event: 21.540 Thread 0x0000016945ffc450 14877       3       com.android.tools.r8.internal.ip::a (161 bytes)
Event: 21.541 Thread 0x0000016945ffc450 nmethod 14877 0x0000016932bba410 code [0x0000016932bba760, 0x0000016932bbbbf0]
Event: 21.541 Thread 0x0000016945ffc450 14881       3       com.android.tools.r8.graph.r9::a (357 bytes)
Event: 21.544 Thread 0x0000016945ffc450 nmethod 14881 0x0000016932bbc190 code [0x0000016932bbc980, 0x0000016932bc1c20]
Event: 21.544 Thread 0x0000016945ffc450 14878       3       com.android.tools.r8.graph.r9::b (142 bytes)
Event: 21.544 Thread 0x0000016945ffc450 nmethod 14878 0x0000016932bc3590 code [0x0000016932bc37a0, 0x0000016932bc3d50]
Event: 21.544 Thread 0x0000016945ffc450 14882       3       com.android.tools.r8.graph.r9::b (76 bytes)
Event: 21.545 Thread 0x0000016945ffc450 nmethod 14882 0x0000016932bc3e90 code [0x0000016932bc4160, 0x0000016932bc5100]
Event: 21.545 Thread 0x0000016945ffc450 14889       3       com.google.common.util.concurrent.FluentFuture$TrustedFuture::get (5 bytes)
Event: 21.545 Thread 0x0000016945ffc450 nmethod 14889 0x0000016932bc5690 code [0x0000016932bc5840, 0x0000016932bc5980]
Event: 21.567 Thread 0x0000016945ffc450 14890       3       com.android.tools.r8.graph.h::b (15 bytes)
Event: 21.567 Thread 0x0000016945ffc450 nmethod 14890 0x0000016932bc5a10 code [0x0000016932bc5ba0, 0x0000016932bc5cc0]
Event: 21.569 Thread 0x0000016945ffc450 14891       3       com.android.tools.r8.graph.z::b (8 bytes)
Event: 21.569 Thread 0x0000016945ffc450 nmethod 14891 0x0000016932bc5d90 code [0x0000016932bc5f40, 0x0000016932bc6138]
Event: 21.583 Thread 0x0000016945ffc450 14892       3       com.android.tools.r8.graph.h::j (8 bytes)
Event: 21.583 Thread 0x0000016945ffc450 nmethod 14892 0x0000016932bc6210 code [0x0000016932bc63a0, 0x0000016932bc64b8]
Event: 21.600 Thread 0x0000016945ffc450 14893       3       com.android.tools.r8.graph.z::H (8 bytes)
Event: 21.601 Thread 0x0000016945ffc450 nmethod 14893 0x0000016932bc6590 code [0x0000016932bc6740, 0x0000016932bc6930]

GC Heap History (20 events):
Event: 14.256 GC heap before
{Heap before GC invocations=26 (full 0):
 garbage-first heap   total 153600K, used 146123K [0x0000000080000000, 0x0000000100000000)
  region size 1024K, 49 young (50176K), 7 survivors (7168K)
 Metaspace       used 83575K, committed 85568K, reserved 1179648K
  class space    used 11375K, committed 12352K, reserved 1048576K
}
Event: 14.263 GC heap after
{Heap after GC invocations=27 (full 0):
 garbage-first heap   total 159744K, used 93348K [0x0000000080000000, 0x0000000100000000)
  region size 1024K, 4 young (4096K), 4 survivors (4096K)
 Metaspace       used 83575K, committed 85568K, reserved 1179648K
  class space    used 11375K, committed 12352K, reserved 1048576K
}
Event: 14.701 GC heap before
{Heap before GC invocations=27 (full 0):
 garbage-first heap   total 159744K, used 140452K [0x0000000080000000, 0x0000000100000000)
  region size 1024K, 51 young (52224K), 4 survivors (4096K)
 Metaspace       used 86383K, committed 88384K, reserved 1179648K
  class space    used 11706K, committed 12736K, reserved 1048576K
}
Event: 14.707 GC heap after
{Heap after GC invocations=28 (full 0):
 garbage-first heap   total 159744K, used 98244K [0x0000000080000000, 0x0000000100000000)
  region size 1024K, 7 young (7168K), 7 survivors (7168K)
 Metaspace       used 86383K, committed 88384K, reserved 1179648K
  class space    used 11706K, committed 12736K, reserved 1048576K
}
Event: 15.248 GC heap before
{Heap before GC invocations=29 (full 0):
 garbage-first heap   total 160768K, used 140228K [0x0000000080000000, 0x0000000100000000)
  region size 1024K, 51 young (52224K), 7 survivors (7168K)
 Metaspace       used 91446K, committed 93440K, reserved 1179648K
  class space    used 12311K, committed 13312K, reserved 1048576K
}
Event: 15.254 GC heap after
{Heap after GC invocations=30 (full 0):
 garbage-first heap   total 160768K, used 98232K [0x0000000080000000, 0x0000000100000000)
  region size 1024K, 3 young (3072K), 3 survivors (3072K)
 Metaspace       used 91446K, committed 93440K, reserved 1179648K
  class space    used 12311K, committed 13312K, reserved 1048576K
}
Event: 15.737 GC heap before
{Heap before GC invocations=30 (full 0):
 garbage-first heap   total 160768K, used 144312K [0x0000000080000000, 0x0000000100000000)
  region size 1024K, 49 young (50176K), 3 survivors (3072K)
 Metaspace       used 99135K, committed 101184K, reserved 1179648K
  class space    used 13388K, committed 14400K, reserved 1048576K
}
Event: 15.741 GC heap after
{Heap after GC invocations=31 (full 0):
 garbage-first heap   total 160768K, used 99230K [0x0000000080000000, 0x0000000100000000)
  region size 1024K, 6 young (6144K), 6 survivors (6144K)
 Metaspace       used 99135K, committed 101184K, reserved 1179648K
  class space    used 13388K, committed 14400K, reserved 1048576K
}
Event: 15.803 GC heap before
{Heap before GC invocations=31 (full 0):
 garbage-first heap   total 160768K, used 102302K [0x0000000080000000, 0x0000000100000000)
  region size 1024K, 10 young (10240K), 6 survivors (6144K)
 Metaspace       used 99675K, committed 101696K, reserved 1179648K
  class space    used 13450K, committed 14464K, reserved 1048576K
}
Event: 15.807 GC heap after
{Heap after GC invocations=32 (full 0):
 garbage-first heap   total 160768K, used 99748K [0x0000000080000000, 0x0000000100000000)
  region size 1024K, 4 young (4096K), 4 survivors (4096K)
 Metaspace       used 99675K, committed 101696K, reserved 1179648K
  class space    used 13450K, committed 14464K, reserved 1048576K
}
Event: 16.321 GC heap before
{Heap before GC invocations=33 (full 0):
 garbage-first heap   total 168960K, used 146852K [0x0000000080000000, 0x0000000100000000)
  region size 1024K, 50 young (51200K), 4 survivors (4096K)
 Metaspace       used 101389K, committed 103488K, reserved 1179648K
  class space    used 13683K, committed 14720K, reserved 1048576K
}
Event: 16.327 GC heap after
{Heap after GC invocations=34 (full 0):
 garbage-first heap   total 168960K, used 106324K [0x0000000080000000, 0x0000000100000000)
  region size 1024K, 7 young (7168K), 7 survivors (7168K)
 Metaspace       used 101389K, committed 103488K, reserved 1179648K
  class space    used 13683K, committed 14720K, reserved 1048576K
}
Event: 16.820 GC heap before
{Heap before GC invocations=34 (full 0):
 garbage-first heap   total 168960K, used 152404K [0x0000000080000000, 0x0000000100000000)
  region size 1024K, 53 young (54272K), 7 survivors (7168K)
 Metaspace       used 106709K, committed 108800K, reserved 1179648K
  class space    used 14440K, committed 15488K, reserved 1048576K
}
Event: 16.829 GC heap after
{Heap after GC invocations=35 (full 0):
 garbage-first heap   total 169984K, used 105723K [0x0000000080000000, 0x0000000100000000)
  region size 1024K, 7 young (7168K), 7 survivors (7168K)
 Metaspace       used 106709K, committed 108800K, reserved 1179648K
  class space    used 14440K, committed 15488K, reserved 1048576K
}
Event: 19.926 GC heap before
{Heap before GC invocations=35 (full 0):
 garbage-first heap   total 169984K, used 151803K [0x0000000080000000, 0x0000000100000000)
  region size 1024K, 53 young (54272K), 7 survivors (7168K)
 Metaspace       used 109231K, committed 111296K, reserved 1179648K
  class space    used 14771K, committed 15808K, reserved 1048576K
}
Event: 19.935 GC heap after
{Heap after GC invocations=36 (full 0):
 garbage-first heap   total 169984K, used 111616K [0x0000000080000000, 0x0000000100000000)
  region size 1024K, 6 young (6144K), 6 survivors (6144K)
 Metaspace       used 109231K, committed 111296K, reserved 1179648K
  class space    used 14771K, committed 15808K, reserved 1048576K
}
Event: 20.741 GC heap before
{Heap before GC invocations=37 (full 0):
 garbage-first heap   total 186368K, used 155648K [0x0000000080000000, 0x0000000100000000)
  region size 1024K, 48 young (49152K), 6 survivors (6144K)
 Metaspace       used 112125K, committed 114240K, reserved 1179648K
  class space    used 15175K, committed 16256K, reserved 1048576K
}
Event: 20.745 GC heap after
{Heap after GC invocations=38 (full 0):
 garbage-first heap   total 186368K, used 112308K [0x0000000080000000, 0x0000000100000000)
  region size 1024K, 3 young (3072K), 3 survivors (3072K)
 Metaspace       used 112125K, committed 114240K, reserved 1179648K
  class space    used 15175K, committed 16256K, reserved 1048576K
}
Event: 21.470 GC heap before
{Heap before GC invocations=38 (full 0):
 garbage-first heap   total 186368K, used 166580K [0x0000000080000000, 0x0000000100000000)
  region size 1024K, 57 young (58368K), 3 survivors (3072K)
 Metaspace       used 117651K, committed 119808K, reserved 1179648K
  class space    used 16064K, committed 17152K, reserved 1048576K
}
Event: 21.481 GC heap after
{Heap after GC invocations=39 (full 0):
 garbage-first heap   total 186368K, used 113343K [0x0000000080000000, 0x0000000100000000)
  region size 1024K, 8 young (8192K), 8 survivors (8192K)
 Metaspace       used 117651K, committed 119808K, reserved 1179648K
  class space    used 16064K, committed 17152K, reserved 1048576K
}

Dll operation events (3 events):
Event: 0.014 Loaded shared library C:\Program Files\Android\Android Studio\jbr\bin\java.dll
Event: 0.022 Loaded shared library C:\Program Files\Android\Android Studio\jbr\bin\zip.dll
Event: 0.839 Loaded shared library C:\Program Files\Android\Android Studio\jbr\bin\verify.dll

Deoptimization events (20 events):
Event: 20.687 Thread 0x0000016957137870 DEOPT PACKING pc=0x00000169394404b0 sp=0x0000004c504fc260
Event: 20.687 Thread 0x0000016957137870 DEOPT UNPACKING pc=0x0000016938a343a2 sp=0x0000004c504fc218 mode 2
Event: 20.697 Thread 0x00000169577782d0 Uncommon trap: trap_request=0xffffff45 fr.pc=0x0000016939375030 relative=0x00000000000003f0
Event: 20.697 Thread 0x0000016957778960 Uncommon trap: trap_request=0xffffff45 fr.pc=0x0000016939375030 relative=0x00000000000003f0
Event: 20.697 Thread 0x00000169577782d0 Uncommon trap: reason=unstable_if action=reinterpret pc=0x0000016939375030 method=java.util.stream.StreamOpFlag.getMask(I)I @ 1 c2
Event: 20.697 Thread 0x0000016957778960 Uncommon trap: reason=unstable_if action=reinterpret pc=0x0000016939375030 method=java.util.stream.StreamOpFlag.getMask(I)I @ 1 c2
Event: 20.697 Thread 0x0000016957778960 DEOPT PACKING pc=0x0000016939375030 sp=0x0000004c4fffd050
Event: 20.697 Thread 0x00000169577782d0 DEOPT PACKING pc=0x0000016939375030 sp=0x0000004c503fd2e0
Event: 20.697 Thread 0x00000169577782d0 DEOPT UNPACKING pc=0x0000016938a343a2 sp=0x0000004c503fd1c0 mode 2
Event: 20.697 Thread 0x0000016957778960 DEOPT UNPACKING pc=0x0000016938a343a2 sp=0x0000004c4fffcf30 mode 2
Event: 20.766 Thread 0x0000016957779680 Uncommon trap: trap_request=0xffffff45 fr.pc=0x00000169394923d4 relative=0x0000000000002814
Event: 20.766 Thread 0x0000016957779680 Uncommon trap: reason=unstable_if action=reinterpret pc=0x00000169394923d4 method=com.google.common.collect.MapMakerInternalMap$Segment.put(Ljava/lang/Object;ILjava/lang/Object;Z)Ljava/lang/Object; @ 113 c2
Event: 20.766 Thread 0x0000016957779680 DEOPT PACKING pc=0x00000169394923d4 sp=0x0000004c502f9300
Event: 20.766 Thread 0x0000016957779680 DEOPT UNPACKING pc=0x0000016938a343a2 sp=0x0000004c502f92c0 mode 2
Event: 21.320 Thread 0x0000016957778960 DEOPT PACKING pc=0x00000169317ea07a sp=0x0000004c4fff8d00
Event: 21.320 Thread 0x0000016957778960 DEOPT UNPACKING pc=0x0000016938a34b42 sp=0x0000004c4fff8188 mode 0
Event: 21.426 Thread 0x0000016950a22320 Uncommon trap: trap_request=0xffffff45 fr.pc=0x000001693952793c relative=0x000000000000271c
Event: 21.426 Thread 0x0000016950a22320 Uncommon trap: reason=unstable_if action=reinterpret pc=0x000001693952793c method=java.util.WeakHashMap.remove(Ljava/lang/Object;)Ljava/lang/Object; @ 92 c2
Event: 21.426 Thread 0x0000016950a22320 DEOPT PACKING pc=0x000001693952793c sp=0x0000004c4f6f9360
Event: 21.426 Thread 0x0000016950a22320 DEOPT UNPACKING pc=0x0000016938a343a2 sp=0x0000004c4f6f9128 mode 2

Classes loaded (20 events):
Event: 17.266 Loading class java/lang/ProcessBuilder
Event: 17.267 Loading class java/lang/ProcessBuilder done
Event: 17.267 Loading class java/lang/ProcessImpl
Event: 17.268 Loading class java/lang/ProcessImpl done
Event: 17.288 Loading class java/lang/ProcessHandleImpl
Event: 17.289 Loading class java/lang/ProcessHandleImpl done
Event: 17.290 Loading class java/lang/ProcessImpl$2
Event: 17.291 Loading class java/lang/ProcessImpl$2 done
Event: 17.291 Loading class java/lang/Process$PipeInputStream
Event: 17.292 Loading class java/lang/Process$PipeInputStream done
Event: 17.295 Loading class jdk/internal/event/ProcessStartEvent
Event: 17.295 Loading class jdk/internal/event/ProcessStartEvent done
Event: 20.242 Loading class java/util/zip/ZipOutputStream
Event: 20.243 Loading class java/util/zip/ZipOutputStream done
Event: 20.390 Loading class java/nio/file/FileTreeIterator
Event: 20.391 Loading class java/nio/file/FileTreeIterator done
Event: 20.580 Loading class java/io/UTFDataFormatException
Event: 20.580 Loading class java/io/UTFDataFormatException done
Event: 20.723 Loading class java/util/concurrent/RejectedExecutionException
Event: 20.723 Loading class java/util/concurrent/RejectedExecutionException done

Classes unloaded (9 events):
Event: 11.302 Thread 0x000001694584e3f0 Unloading class 0x0000000100870000 'java/lang/invoke/LambdaForm$MH+0x0000000100870000'
Event: 11.302 Thread 0x000001694584e3f0 Unloading class 0x000000010086b400 'java/lang/invoke/LambdaForm$DMH+0x000000010086b400'
Event: 11.302 Thread 0x000001694584e3f0 Unloading class 0x000000010086b000 'java/lang/invoke/LambdaForm$DMH+0x000000010086b000'
Event: 13.555 Thread 0x000001694584e3f0 Unloading class 0x0000000100b04000 'java/lang/invoke/LambdaForm$DMH+0x0000000100b04000'
Event: 13.555 Thread 0x000001694584e3f0 Unloading class 0x0000000100afd800 'java/lang/invoke/LambdaForm$DMH+0x0000000100afd800'
Event: 13.555 Thread 0x000001694584e3f0 Unloading class 0x0000000100afcc00 'java/lang/invoke/LambdaForm$DMH+0x0000000100afcc00'
Event: 13.555 Thread 0x000001694584e3f0 Unloading class 0x0000000100afc000 'java/lang/invoke/LambdaForm$DMH+0x0000000100afc000'
Event: 13.555 Thread 0x000001694584e3f0 Unloading class 0x0000000100afc800 'java/lang/invoke/LambdaForm$DMH+0x0000000100afc800'
Event: 13.555 Thread 0x000001694584e3f0 Unloading class 0x0000000100adc400 'java/lang/invoke/LambdaForm$DMH+0x0000000100adc400'

Classes redefined (0 events):
No events

Internal exceptions (20 events):
Event: 20.959 Thread 0x0000016950a22320 Exception <a 'java/lang/IncompatibleClassChangeError'{0x00000000feff8278}: Found class java.lang.Object, but interface was expected> (0x00000000feff8278) 
thrown [s\src\hotspot\share\interpreter\linkResolver.cpp, line 851]
Event: 20.959 Thread 0x0000016957779680 Exception <a 'java/lang/IncompatibleClassChangeError'{0x00000000fed1b9d0}: Found class java.lang.Object, but interface was expected> (0x00000000fed1b9d0) 
thrown [s\src\hotspot\share\interpreter\linkResolver.cpp, line 851]
Event: 20.959 Thread 0x00000169577782d0 Exception <a 'java/lang/IncompatibleClassChangeError'{0x00000000fedfcfc8}: Found class java.lang.Object, but interface was expected> (0x00000000fedfcfc8) 
thrown [s\src\hotspot\share\interpreter\linkResolver.cpp, line 851]
Event: 20.959 Thread 0x0000016957136b50 Exception <a 'java/lang/IncompatibleClassChangeError'{0x00000000fed84808}: Found class java.lang.Object, but interface was expected> (0x00000000fed84808) 
thrown [s\src\hotspot\share\interpreter\linkResolver.cpp, line 851]
Event: 21.411 Thread 0x00000169577775b0 Exception <a 'java/lang/IncompatibleClassChangeError'{0x000000008789f3b0}: Found class java.lang.Object, but interface was expected> (0x000000008789f3b0) 
thrown [s\src\hotspot\share\interpreter\linkResolver.cpp, line 851]
Event: 21.411 Thread 0x0000016957778960 Exception <a 'java/lang/IncompatibleClassChangeError'{0x00000000878b2c98}: Found class java.lang.Object, but interface was expected> (0x00000000878b2c98) 
thrown [s\src\hotspot\share\interpreter\linkResolver.cpp, line 851]
Event: 21.411 Thread 0x00000169577782d0 Exception <a 'java/lang/IncompatibleClassChangeError'{0x00000000878a9178}: Found class java.lang.Object, but interface was expected> (0x00000000878a9178) 
thrown [s\src\hotspot\share\interpreter\linkResolver.cpp, line 851]
Event: 21.411 Thread 0x0000016957136b50 Exception <a 'java/lang/IncompatibleClassChangeError'{0x00000000878bd6b8}: Found class java.lang.Object, but interface was expected> (0x00000000878bd6b8) 
thrown [s\src\hotspot\share\interpreter\linkResolver.cpp, line 851]
Event: 21.414 Thread 0x0000016957137870 Exception <a 'java/lang/NoSuchMethodError'{0x00000000878ee788}: 'void java.lang.invoke.DirectMethodHandle$Holder.invokeInterface(java.lang.Object, java.lang.Object, java.lang.Object, int)'> (0x00000000878ee788) 
thrown [s\src\hotspot\share\interpreter\linkResolver.cpp, line 784]
Event: 21.414 Thread 0x0000016957779680 Exception <a 'java/lang/NoSuchMethodError'{0x0000000087ad7468}: 'void java.lang.invoke.DirectMethodHandle$Holder.invokeInterface(java.lang.Object, java.lang.Object, java.lang.Object, int)'> (0x0000000087ad7468) 
thrown [s\src\hotspot\share\interpreter\linkResolver.cpp, line 784]
Event: 21.414 Thread 0x0000016957778960 Exception <a 'java/lang/NoSuchMethodError'{0x00000000878b62d0}: 'void java.lang.invoke.DirectMethodHandle$Holder.invokeInterface(java.lang.Object, java.lang.Object, java.lang.Object, int)'> (0x00000000878b62d0) 
thrown [s\src\hotspot\share\interpreter\linkResolver.cpp, line 784]
Event: 21.414 Thread 0x00000169577775b0 Exception <a 'java/lang/NoSuchMethodError'{0x00000000878a29e8}: 'void java.lang.invoke.DirectMethodHandle$Holder.invokeInterface(java.lang.Object, java.lang.Object, java.lang.Object, int)'> (0x00000000878a29e8) 
thrown [s\src\hotspot\share\interpreter\linkResolver.cpp, line 784]
Event: 21.414 Thread 0x0000016957136b50 Exception <a 'java/lang/NoSuchMethodError'{0x00000000878c0d20}: 'void java.lang.invoke.DirectMethodHandle$Holder.invokeInterface(java.lang.Object, java.lang.Object, java.lang.Object, int)'> (0x00000000878c0d20) 
thrown [s\src\hotspot\share\interpreter\linkResolver.cpp, line 784]
Event: 21.414 Thread 0x00000169577782d0 Exception <a 'java/lang/NoSuchMethodError'{0x00000000878ac7d0}: 'void java.lang.invoke.DirectMethodHandle$Holder.invokeInterface(java.lang.Object, java.lang.Object, java.lang.Object, int)'> (0x00000000878ac7d0) 
thrown [s\src\hotspot\share\interpreter\linkResolver.cpp, line 784]
Event: 21.417 Thread 0x0000016957136b50 Exception <a 'java/lang/NoSuchMethodError'{0x00000000877df948}: 'void java.lang.invoke.DirectMethodHandle$Holder.invokeStatic(java.lang.Object, java.lang.Object, java.lang.Object, int, java.lang.Object)'> (0x00000000877df948) 
thrown [s\src\hotspot\share\interpreter\linkResolver.cpp, line 784]
Event: 21.417 Thread 0x0000016957778960 Exception <a 'java/lang/NoSuchMethodError'{0x00000000877daa88}: 'void java.lang.invoke.DirectMethodHandle$Holder.invokeStatic(java.lang.Object, java.lang.Object, java.lang.Object, int, java.lang.Object)'> (0x00000000877daa88) 
thrown [s\src\hotspot\share\interpreter\linkResolver.cpp, line 784]
Event: 21.417 Thread 0x0000016957137870 Exception <a 'java/lang/NoSuchMethodError'{0x00000000878f7ac8}: 'void java.lang.invoke.DirectMethodHandle$Holder.invokeStatic(java.lang.Object, java.lang.Object, java.lang.Object, int, java.lang.Object)'> (0x00000000878f7ac8) 
thrown [s\src\hotspot\share\interpreter\linkResolver.cpp, line 784]
Event: 21.418 Thread 0x00000169577775b0 Exception <a 'java/lang/NoSuchMethodError'{0x000000008774d1d0}: 'void java.lang.invoke.DirectMethodHandle$Holder.invokeStatic(java.lang.Object, java.lang.Object, java.lang.Object, int, java.lang.Object)'> (0x000000008774d1d0) 
thrown [s\src\hotspot\share\interpreter\linkResolver.cpp, line 784]
Event: 21.418 Thread 0x0000016957779680 Exception <a 'java/lang/NoSuchMethodError'{0x0000000087723b70}: 'void java.lang.invoke.DirectMethodHandle$Holder.invokeStatic(java.lang.Object, java.lang.Object, java.lang.Object, int, java.lang.Object)'> (0x0000000087723b70) 
thrown [s\src\hotspot\share\interpreter\linkResolver.cpp, line 784]
Event: 21.418 Thread 0x00000169577782d0 Exception <a 'java/lang/NoSuchMethodError'{0x0000000087754090}: 'void java.lang.invoke.DirectMethodHandle$Holder.invokeStatic(java.lang.Object, java.lang.Object, java.lang.Object, int, java.lang.Object)'> (0x0000000087754090) 
thrown [s\src\hotspot\share\interpreter\linkResolver.cpp, line 784]

ZGC Phase Switch (0 events):
No events

VM Operations (20 events):
Event: 19.996 Executing safepoint VM operation: G1PauseRemark
Event: 20.004 Executing safepoint VM operation: G1PauseRemark done
Event: 20.031 Executing safepoint VM operation: G1PauseCleanup
Event: 20.031 Executing safepoint VM operation: G1PauseCleanup done
Event: 20.741 Executing safepoint VM operation: G1CollectForAllocation (G1 Evacuation Pause)
Event: 20.746 Executing safepoint VM operation: G1CollectForAllocation (G1 Evacuation Pause) done
Event: 20.857 Executing non-safepoint VM operation: HandshakeAllThreads (Deoptimize)
Event: 20.857 Executing non-safepoint VM operation: HandshakeAllThreads (Deoptimize) done
Event: 20.927 Executing non-safepoint VM operation: HandshakeAllThreads (Deoptimize)
Event: 20.927 Executing non-safepoint VM operation: HandshakeAllThreads (Deoptimize) done
Event: 21.180 Executing non-safepoint VM operation: HandshakeAllThreads (Deoptimize)
Event: 21.180 Executing non-safepoint VM operation: HandshakeAllThreads (Deoptimize) done
Event: 21.187 Executing non-safepoint VM operation: HandshakeAllThreads (Deoptimize)
Event: 21.188 Executing non-safepoint VM operation: HandshakeAllThreads (Deoptimize) done
Event: 21.432 Executing non-safepoint VM operation: HandshakeAllThreads (Deoptimize)
Event: 21.432 Executing non-safepoint VM operation: HandshakeAllThreads (Deoptimize) done
Event: 21.470 Executing safepoint VM operation: G1CollectForAllocation (G1 Evacuation Pause)
Event: 21.481 Executing safepoint VM operation: G1CollectForAllocation (G1 Evacuation Pause) done
Event: 21.496 Executing non-safepoint VM operation: HandshakeAllThreads (Deoptimize)
Event: 21.497 Executing non-safepoint VM operation: HandshakeAllThreads (Deoptimize) done

Memory protections (0 events):
No events

Nmethod flushes (20 events):
Event: 20.002 Thread 0x000001694584e3f0 flushing  nmethod 0x00000169324d0d10
Event: 20.002 Thread 0x000001694584e3f0 flushing  nmethod 0x0000016932722910
Event: 20.002 Thread 0x000001694584e3f0 flushing  nmethod 0x00000169327a1a10
Event: 20.002 Thread 0x000001694584e3f0 flushing  nmethod 0x0000016931ce3d90
Event: 20.002 Thread 0x000001694584e3f0 flushing  nmethod 0x0000016931d66110
Event: 20.002 Thread 0x000001694584e3f0 flushing  nmethod 0x0000016931e4bc90
Event: 20.002 Thread 0x000001694584e3f0 flushing  nmethod 0x0000016931e4c910
Event: 20.002 Thread 0x000001694584e3f0 flushing  nmethod 0x0000016931e77290
Event: 20.002 Thread 0x000001694584e3f0 flushing  nmethod 0x0000016931f98910
Event: 20.002 Thread 0x000001694584e3f0 flushing  nmethod 0x00000169320fe810
Event: 20.002 Thread 0x000001694584e3f0 flushing  nmethod 0x0000016932110c10
Event: 20.002 Thread 0x000001694584e3f0 flushing  nmethod 0x000001693218ac90
Event: 20.002 Thread 0x000001694584e3f0 flushing  nmethod 0x0000016932190490
Event: 20.002 Thread 0x000001694584e3f0 flushing  nmethod 0x0000016932191a90
Event: 20.002 Thread 0x000001694584e3f0 flushing  nmethod 0x00000169322d2e10
Event: 20.002 Thread 0x000001694584e3f0 flushing  nmethod 0x00000169322d4a10
Event: 20.002 Thread 0x000001694584e3f0 flushing  nmethod 0x00000169323bda90
Event: 20.002 Thread 0x000001694584e3f0 flushing  nmethod 0x00000169323c0890
Event: 20.002 Thread 0x000001694584e3f0 flushing  nmethod 0x00000169323cc910
Event: 20.002 Thread 0x000001694584e3f0 flushing  nmethod 0x0000016932483410

Events (20 events):
Event: 12.190 Thread 0x0000016946480940 Thread added: 0x0000016950a20250
Event: 12.444 Thread 0x000001694647e870 Thread added: 0x0000016950a208e0
Event: 13.261 Thread 0x0000016950a1daf0 Thread added: 0x0000016950a22320
Event: 13.624 Thread 0x0000016946482380 Thread added: 0x0000016950748650
Event: 14.131 Thread 0x0000016946481660 Thread added: 0x0000016950747fc0
Event: 14.520 Thread 0x0000016946480fd0 Thread added: 0x0000016950749370
Event: 16.187 Thread 0x0000016946481660 Thread added: 0x000001695074d510
Event: 17.184 Thread 0x0000016946480fd0 Thread added: 0x000001695074c160
Event: 17.263 Thread 0x0000016950a22320 Thread added: 0x0000016950749a00
Event: 17.299 Thread 0x0000016950a22320 Thread added: 0x0000016951a6b4a0
Event: 17.299 Thread 0x0000016950a22320 Thread added: 0x0000016951a6c1c0
Event: 18.582 Thread 0x00000169464c1cb0 Thread exited: 0x00000169464c1cb0
Event: 20.355 Thread 0x0000016946481660 Thread added: 0x00000169577775b0
Event: 20.356 Thread 0x0000016946481660 Thread added: 0x0000016957778960
Event: 20.358 Thread 0x0000016946481660 Thread added: 0x0000016957777c40
Event: 20.361 Thread 0x0000016946481660 Thread added: 0x0000016957778ff0
Event: 20.362 Thread 0x0000016946481660 Thread added: 0x0000016957779680
Event: 20.364 Thread 0x0000016946481660 Thread added: 0x00000169577782d0
Event: 20.376 Thread 0x0000016946481660 Thread added: 0x0000016957137870
Event: 20.380 Thread 0x0000016946481660 Thread added: 0x0000016957136b50


Dynamic libraries:
0x00007ff66c010000 - 0x00007ff66c01a000 	C:\Program Files\Android\Android Studio\jbr\bin\java.exe
0x00007ff9ad340000 - 0x00007ff9ad5a7000 	C:\WINDOWS\SYSTEM32\ntdll.dll
0x00007ff9abc40000 - 0x00007ff9abd0b000 	C:\WINDOWS\System32\KERNEL32.DLL
0x00007ff9aa930000 - 0x00007ff9aad31000 	C:\WINDOWS\System32\KERNELBASE.dll
0x00007ff9a70d0000 - 0x00007ff9a70eb000 	C:\Program Files\Android\Android Studio\jbr\bin\VCRUNTIME140.dll
0x00007ff9aad40000 - 0x00007ff9aae8c000 	C:\WINDOWS\System32\ucrtbase.dll
0x00007ff951aa0000 - 0x00007ff951ab8000 	C:\Program Files\Android\Android Studio\jbr\bin\jli.dll
0x00007ff9abe50000 - 0x00007ff9ac027000 	C:\WINDOWS\System32\USER32.dll
0x00007ff991dd0000 - 0x00007ff992060000 	C:\WINDOWS\WinSxS\amd64_microsoft.windows.common-controls_6595b64144ccf1df_6.0.26100.9549_none_3e0a0396e3330090\COMCTL32.dll
0x00007ff9aa6d0000 - 0x00007ff9aa6f7000 	C:\WINDOWS\System32\win32u.dll
0x00007ff9acc90000 - 0x00007ff9acd39000 	C:\WINDOWS\System32\msvcrt.dll
0x00007ff9acef0000 - 0x00007ff9acf1b000 	C:\WINDOWS\System32\GDI32.dll
0x00007ff9aaea0000 - 0x00007ff9aafc8000 	C:\WINDOWS\System32\gdi32full.dll
0x00007ff9aa7c0000 - 0x00007ff9aa863000 	C:\WINDOWS\System32\msvcp_win.dll
0x00007ff9abe10000 - 0x00007ff9abe41000 	C:\WINDOWS\System32\IMM32.DLL
0x00007ff9a5240000 - 0x00007ff9a524c000 	C:\Program Files\Android\Android Studio\jbr\bin\vcruntime140_1.dll
0x00007ff8b4f60000 - 0x00007ff8b4fed000 	C:\Program Files\Android\Android Studio\jbr\bin\msvcp140.dll
0x00007ff8b42c0000 - 0x00007ff8b4f56000 	C:\Program Files\Android\Android Studio\jbr\bin\server\jvm.dll
0x00007ff9ad240000 - 0x00007ff9ad2fb000 	C:\WINDOWS\System32\ADVAPI32.dll
0x00007ff9ac130000 - 0x00007ff9ac1d8000 	C:\WINDOWS\System32\sechost.dll
0x00007ff9ab060000 - 0x00007ff9ab178000 	C:\WINDOWS\System32\RPCRT4.dll
0x00007ff9ac820000 - 0x00007ff9ac8a1000 	C:\WINDOWS\System32\WS2_32.dll
0x00007ff9aa390000 - 0x00007ff9aa3ee000 	C:\WINDOWS\SYSTEM32\POWRPROF.dll
0x00007ff99ecc0000 - 0x00007ff99ecf7000 	C:\WINDOWS\SYSTEM32\WINMM.dll
0x00007ff99e980000 - 0x00007ff99e98b000 	C:\WINDOWS\SYSTEM32\VERSION.dll
0x00007ff9aa370000 - 0x00007ff9aa385000 	C:\WINDOWS\SYSTEM32\UMPDC.dll
0x00007ff9a91e0000 - 0x00007ff9a91fb000 	C:\WINDOWS\SYSTEM32\kernel.appcore.dll
0x00007ff9a5230000 - 0x00007ff9a523a000 	C:\Program Files\Android\Android Studio\jbr\bin\jimage.dll
0x00007ff99aeb0000 - 0x00007ff99b0fc000 	C:\WINDOWS\SYSTEM32\DBGHELP.DLL
0x00007ff9ac900000 - 0x00007ff9acc8a000 	C:\WINDOWS\System32\combase.dll
0x00007ff9ac680000 - 0x00007ff9ac759000 	C:\WINDOWS\System32\OLEAUT32.dll
0x00007ff98a790000 - 0x00007ff98a7cb000 	C:\WINDOWS\SYSTEM32\dbgcore.DLL
0x00007ff9aa700000 - 0x00007ff9aa7ac000 	C:\WINDOWS\System32\bcryptPrimitives.dll
0x00007ff952490000 - 0x00007ff95249e000 	C:\Program Files\Android\Android Studio\jbr\bin\instrument.dll
0x00007ff9a5210000 - 0x00007ff9a5230000 	C:\Program Files\Android\Android Studio\jbr\bin\java.dll
0x00007ff99cd40000 - 0x00007ff99cd58000 	C:\Program Files\Android\Android Studio\jbr\bin\zip.dll
0x00007ff9ab400000 - 0x00007ff9abb9c000 	C:\WINDOWS\System32\SHELL32.dll
0x00007ff9a7f50000 - 0x00007ff9a87fd000 	C:\WINDOWS\SYSTEM32\windows.storage.dll
0x00007ff9ac030000 - 0x00007ff9ac129000 	C:\WINDOWS\System32\SHCORE.dll
0x00007ff9acf20000 - 0x00007ff9acf86000 	C:\WINDOWS\System32\shlwapi.dll
0x00007ff9aa450000 - 0x00007ff9aa479000 	C:\WINDOWS\SYSTEM32\profapi.dll
0x00007ff99e5d0000 - 0x00007ff99e5e0000 	C:\Program Files\Android\Android Studio\jbr\bin\net.dll
0x00007ff9a2bc0000 - 0x00007ff9a2cea000 	C:\WINDOWS\SYSTEM32\WINHTTP.dll
0x00007ff9a97a0000 - 0x00007ff9a980c000 	C:\WINDOWS\system32\mswsock.dll
0x00007ff98bbd0000 - 0x00007ff98bbe6000 	C:\Program Files\Android\Android Studio\jbr\bin\nio.dll
0x00007ff976aa0000 - 0x00007ff976ab0000 	C:\Program Files\Android\Android Studio\jbr\bin\verify.dll
0x00007ff929230000 - 0x00007ff929257000 	C:\Users\THANH DAT\.gradle\native\660c5614fbf4a5f2a75b1949f50a0caf5cd603558e7d8a26e50b933a0cfb79d1\windows-amd64\native-platform.dll
0x00007ff8c5800000 - 0x00007ff8c5877000 	C:\Users\THANH DAT\.gradle\native\0.2.8\x86_64-windows-gnu\gradle-fileevents.dll
0x00007ff98bbc0000 - 0x00007ff98bbc9000 	C:\Program Files\Android\Android Studio\jbr\bin\management.dll
0x00007ff97d5d0000 - 0x00007ff97d5db000 	C:\Program Files\Android\Android Studio\jbr\bin\management_ext.dll
0x00007ff9ac1e0000 - 0x00007ff9ac1e8000 	C:\WINDOWS\System32\PSAPI.DLL
0x00007ff9a8bc0000 - 0x00007ff9a8bf3000 	C:\WINDOWS\SYSTEM32\IPHLPAPI.DLL
0x00007ff9abbb0000 - 0x00007ff9abbba000 	C:\WINDOWS\System32\NSI.dll
0x00007ff99cd30000 - 0x00007ff99cd39000 	C:\Program Files\Android\Android Studio\jbr\bin\extnet.dll
0x00007ff9a9a90000 - 0x00007ff9a9aab000 	C:\WINDOWS\SYSTEM32\CRYPTSP.dll
0x00007ff9a9140000 - 0x00007ff9a9179000 	C:\WINDOWS\system32\rsaenh.dll
0x00007ff9a9850000 - 0x00007ff9a9884000 	C:\WINDOWS\SYSTEM32\USERENV.dll
0x00007ff9aa420000 - 0x00007ff9aa44a000 	C:\WINDOWS\SYSTEM32\bcrypt.dll
0x00007ff9a9ab0000 - 0x00007ff9a9abc000 	C:\WINDOWS\SYSTEM32\CRYPTBASE.dll
0x00007ff96f7b0000 - 0x00007ff96f7b8000 	C:\WINDOWS\system32\wshunix.dll
0x00007ff9a9310000 - 0x00007ff9a9346000 	C:\WINDOWS\SYSTEM32\ntmarta.dll

JVMTI agents:
C:\Users\THANH DAT\.gradle\wrapper\dists\gradle-9.7.1-bin\1w1c7tv4s851m17nbqdsro2tv\gradle-9.7.1\lib\agents\gradle-instrumentation-agent-9.7.1.jar path:C:\Program Files\Android\Android Studio\jbr\bin\instrument.dll, loaded, initialized, instrumentlib options:none

dbghelp: loaded successfully - version: 4.0.5 - missing functions: none
symbol engine: initialized successfully - sym options: 0x614 - pdb path: .;C:\Program Files\Android\Android Studio\jbr\bin;C:\WINDOWS\SYSTEM32;C:\WINDOWS\WinSxS\amd64_microsoft.windows.common-controls_6595b64144ccf1df_6.0.26100.9549_none_3e0a0396e3330090;C:\Program Files\Android\Android Studio\jbr\bin\server;C:\Users\THANH DAT\.gradle\native\660c5614fbf4a5f2a75b1949f50a0caf5cd603558e7d8a26e50b933a0cfb79d1\windows-amd64;C:\Users\THANH DAT\.gradle\native\0.2.8\x86_64-windows-gnu

VM Arguments:
jvm_args: --add-opens=java.base/java.lang=ALL-UNNAMED --add-opens=java.base/java.lang.invoke=ALL-UNNAMED --add-opens=java.base/java.util=ALL-UNNAMED --add-opens=java.prefs/java.util.prefs=ALL-UNNAMED --add-exports=jdk.compiler/com.sun.tools.javac.api=ALL-UNNAMED --add-exports=jdk.compiler/com.sun.tools.javac.util=ALL-UNNAMED --add-opens=java.base/java.nio.charset=ALL-UNNAMED --add-opens=java.base/java.net=ALL-UNNAMED --add-opens=java.base/java.util.concurrent=ALL-UNNAMED --add-opens=java.base/java.util.concurrent.atomic=ALL-UNNAMED --add-opens=java.xml/javax.xml.namespace=ALL-UNNAMED --add-opens=java.base/java.time=ALL-UNNAMED -Xmx2048m -Dfile.encoding=UTF-8 -Duser.country=US -Duser.language=en -Duser.variant -javaagent:C:\Users\THANH DAT\.gradle\wrapper\dists\gradle-9.7.1-bin\1w1c7tv4s851m17nbqdsro2tv\gradle-9.7.1\lib\agents\gradle-instrumentation-agent-9.7.1.jar 
java_command: org.gradle.launcher.daemon.bootstrap.GradleDaemon 9.7.1
java_class_path (initial): C:\Users\THANH DAT\.gradle\wrapper\dists\gradle-9.7.1-bin\1w1c7tv4s851m17nbqdsro2tv\gradle-9.7.1\lib\gradle-daemon-main-9.7.1.jar
Launcher Type: SUN_STANDARD

[Global flags]
     intx CICompilerCount                          = 4                                         {product} {ergonomic}
     uint ConcGCThreads                            = 3                                         {product} {ergonomic}
     uint G1ConcRefinementThreads                  = 10                                        {product} {ergonomic}
   size_t G1HeapRegionSize                         = 1048576                                   {product} {ergonomic}
    uintx GCDrainStackTargetSize                   = 64                                        {product} {ergonomic}
   size_t InitialHeapSize                          = 257949696                                 {product} {ergonomic}
   size_t MarkStackSize                            = 4194304                                   {product} {ergonomic}
   size_t MaxHeapSize                              = 2147483648                                {product} {command line}
   size_t MaxNewSize                               = 1287651328                                {product} {ergonomic}
   size_t MinHeapDeltaBytes                        = 1048576                                   {product} {ergonomic}
   size_t MinHeapSize                              = 8388608                                   {product} {ergonomic}
    uintx NonNMethodCodeHeapSize                   = 5839372                                {pd product} {ergonomic}
    uintx NonProfiledCodeHeapSize                  = 122909434                              {pd product} {ergonomic}
    uintx ProfiledCodeHeapSize                     = 122909434                              {pd product} {ergonomic}
    uintx ReservedCodeCacheSize                    = 251658240                              {pd product} {ergonomic}
     bool SegmentedCodeCache                       = true                                      {product} {ergonomic}
   size_t SoftMaxHeapSize                          = 2147483648                             {manageable} {ergonomic}
     bool UseCompressedOops                        = true                           {product lp64_product} {ergonomic}
     bool UseG1GC                                  = true                                      {product} {ergonomic}
     bool UseLargePagesIndividualAllocation        = false                                  {pd product} {ergonomic}

Logging:
Log output configuration:
 #0: stdout all=warning uptime,level,tags foldmultilines=false
 #1: stderr all=off uptime,level,tags foldmultilines=false

Release file:
JAVA_VERSION="21.0.10" 
MODULES="java.base java.compiler java.datatransfer java.xml java.prefs java.desktop java.instrument java.logging java.management java.security.sasl java.naming java.rmi java.management.rmi java.net.http java.scripting java.security.jgss java.transaction.xa java.sql java.sql.rowset java.xml.crypto java.se java.smartcardio jdk.accessibility jdk.internal.jvmstat jdk.attach jdk.charsets jdk.internal.opt jdk.zipfs jdk.compiler jdk.crypto.ec jdk.crypto.cryptoki jdk.dynalink jdk.hotspot.agent jdk.httpserver jdk.internal.ed jdk.internal.le jdk.internal.vm.ci jdk.jartool jdk.javadoc jdk.jcmd jdk.jdeps jdk.jdwp.agent jdk.jdi jdk.jfr jdk.jlink jdk.jsobject jdk.localedata jdk.management jdk.management.agent jdk.management.jfr jdk.naming.dns jdk.naming.rmi jdk.net jdk.sctp jdk.security.auth jdk.security.jgss jdk.unsupported jdk.unsupported.desktop jdk.xml.dom" 
IMPLEMENTOR="JetBrains s.r.o." 
JAVA_RUNTIME_VERSION="21.0.10+-14961533-b1163.108" 
LIBC="default" 
OS_ARCH="x86_64" 
OS_NAME="Windows" 
SOURCE=".:git:1351622c2ff2" 

Environment Variables:
PATH=c:\Users\THANH DAT\AppData\Local\Programs\cursor\resources\app\bin;C:\Program Files\Common Files\Oracle\Java\javapath;C:\WINDOWS\system32;C:\WINDOWS;C:\WINDOWS\System32\Wbem;C:\WINDOWS\System32\WindowsPowerShell\v1.0\;C:\WINDOWS\System32\OpenSSH\;C:\Program Files (x86)\NVIDIA Corporation\PhysX\Common;C:\Program Files\dotnet\;C:\Program Files\Git\cmd;C:\Program Files (x86)\Microsoft SQL Server\160\Tools\Binn\;C:\Program Files\Microsoft SQL Server\160\Tools\Binn\;C:\Program Files\Microsoft SQL Server\Client SDK\ODBC\170\Tools\Binn\;C:\Program Files\Microsoft SQL Server\160\DTS\Binn\;C:\Program Files (x86)\Microsoft SQL Server\160\DTS\Binn\;C:\Program Files\NVIDIA Corporation\NVIDIA app\NvDLISR;C:\Program Files\Devart\EntityDeveloper\Console;C:\Users\THANH DAT\AppData\Local\Programs\Python\Python311\Scripts\;C:\Users\THANH DAT\AppData\Local\Programs\Python\Python311\;C:;C:\Users\THANH DAT\AppData\Local\Pub\Cache\bin;C:\ProgramData\chocolatey\bin;C:\Program Files\Microsoft SQL Server\170\Tools\Binn\;C:\Program Files\CMake\bin;C:\Program Files\nodejs\;C:\Program Files\Docker\Docker\resources\bin;C:\ProgramData\ComposerSetup\bin;C:\Program Files (x86)\Windows Kits\10\Windows Performance Toolkit\;C:\Program Files\Git LFS;C:\Program Files\Cloudflare\Cloudflare WARP\;C:\Users\THANH DAT\AppData\Local\Programs\Python\Python311\Scripts\;C:\Users\THANH DAT\AppData\Local\Programs\Python\Python311\;C:\Program Files\MySQL\MySQL Shell 8.0\bin\;C:\Users\THANH DAT\AppData\Local\Microsoft\WindowsApps;C:\Users\THANH DAT\.dotnet\tools;C:\Users\THANH DAT\AppData\Local\Programs\Microsoft VS Code\bin;C:\Program Files\JetBrains\PyCharm 2024.2.3\bin;C:\Program Files\JetBrains\PyCharm Community Edition 2024.2.3\bin;C:\Users\THANH DAT\AppData\Local\Muse Hub\lib;C:\Users\THANH DAT\.lmstudio\bin;C:\Users\THANH DAT\.dotnet\tools;F:\IntelliJ IDEA Community Edition\IntelliJ IDEA Community Edition 2024.3.4.1\bin;C:\Program Files\JetBrains\PyCharm Community Edition 2024.3.4\bin;C:\Program Files\Devart\EntityDeveloper\Console;F:\src\flutter\bin;C:\Users\THANH DAT\AppData\Local\Pub\Cache\bin;C:\Program Files\Android\Android Studio\jbr\bin\java;F:\Windsurf\bin;C:\Users\THANH DAT\AppData\Roaming\Python\Python313\Scripts;C:\Program Files\CMake\bin;C:\develop\flutter\bin;C:\Users\THANH DAT\AppData\Roaming\npm;D:\Sdk\platform-tools;D:\Sdk\emulator;D:\Antigravity\bin;C:\Users\THANH DAT\.fly\bin;C:\Users\THANH DAT\AppData\Local\Microsoft\WinGet\Links;C:\xampp\php;C:\Users\THANH DAT\.dotnet\tools;C:\Program Files\MongoDB\Server\8.2\bin;C:\Users\THANH DAT\AppData\Local\Programs\Kiro\bin;C:\Users\THANH DAT\AppData\Roaming\Composer\vendor\bin;D:\ollama;C:\Users\THANH DAT\AppData\Local\Programs\Antigravity IDE\bin
USERNAME=THANH DAT
OS=Windows_NT
PROCESSOR_IDENTIFIER=AMD64 Family 25 Model 68 Stepping 1, AuthenticAMD
TMP=C:\Users\THANHD~1\AppData\Local\Temp
TEMP=C:\Users\THANHD~1\AppData\Local\Temp




Periodic native trim disabled

JNI global refs:
JNI global refs: 25, weak refs: 5

JNI global refs memory usage: 835, weak refs: 833

Process memory usage:
Resident Set Size: 509340K (3% of 16067364K total physical memory with 281024K free physical memory)

OOME stack traces (most recent first):
Classloader memory used:
Loader org.gradle.internal.classloader.VisitableURLClassLoader                         : 41067K
Loader org.gradle.internal.classloader.VisitableURLClassLoader$InstrumentingVisitableURLClassLoader: 31571K
Loader bootstrap                                                                       : 27457K
Loader org.gradle.initialization.MixInLegacyTypesClassLoader                           : 10079K
Loader jdk.internal.loader.ClassLoaders$AppClassLoader                                 : 8262K
Loader jdk.internal.reflect.DelegatingClassLoader                                      : 1213K
Loader jdk.internal.loader.ClassLoaders$PlatformClassLoader                            : 631K
Loader org.gradle.internal.classloader.VisitableURLClassLoader                         : 39392B

Classes loaded by more than one classloader:
Class com.google.common.collect.RegularImmutableMap$KeySet                            : loaded 2 times (x 152B)
Class com.google.common.base.PairwiseEquivalence                                      : loaded 2 times (x 83B)
Class com.google.common.base.Equivalence$Identity                                     : loaded 2 times (x 82B)
Class org.gradle.internal.classloader.FilteringClassLoader                            : loaded 2 times (x 105B)
Class com.google.common.cache.LocalCache$ValueIterator                                : loaded 2 times (x 86B)
Class [Lcom.google.common.collect.MapMakerInternalMap$Segment;                        : loaded 2 times (x 69B)
Class com.google.common.io.FileWriteMode                                              : loaded 2 times (x 79B)
Class [Lcom.google.common.base.AbstractIterator$State;                                : loaded 2 times (x 69B)
Class com.google.common.base.CharMatcher$IsEither                                     : loaded 2 times (x 111B)
Class org.gradle.internal.classloader.ClassLoaderHierarchy                            : loaded 2 times (x 70B)
Class com.google.common.collect.ImmutableList$1                                       : loaded 2 times (x 97B)
Class com.google.common.collect.ImmutableEnumSet                                      : loaded 2 times (x 146B)
Class com.google.common.util.concurrent.ExecutionError                                : loaded 2 times (x 82B)
Class com.google.common.collect.AbstractMapBasedMultimap$WrappedCollection            : loaded 2 times (x 124B)
Class com.google.common.io.ByteArrayDataOutput                                        : loaded 2 times (x 70B)
Class com.google.common.collect.RegularImmutableMap                                   : loaded 2 times (x 121B)
Class com.google.common.collect.ImmutableMap$MapViewOfValuesAsSingletonSets           : loaded 2 times (x 126B)
Class [Lorg.objectweb.asm.Symbol;                                                     : loaded 2 times (x 69B)
Class org.objectweb.asm.ClassVisitor                                                  : loaded 2 times (x 88B)
Class com.google.common.cache.LocalCache$Values                                       : loaded 2 times (x 118B)
Class com.google.common.collect.TransformedListIterator                               : loaded 2 times (x 93B)
Class com.google.common.collect.UnmodifiableListIterator                              : loaded 2 times (x 95B)
Class org.objectweb.asm.MethodTooLargeException                                       : loaded 2 times (x 83B)
Class com.google.common.collect.MapMakerInternalMap$StrongKeyDummyValueEntry$LinkedStrongKeyDummyValueEntry: loaded 2 times (x 82B)
Class com.google.common.collect.MapMakerInternalMap$Strength                          : loaded 2 times (x 80B)
Class com.google.common.base.Platform$JdkPatternCompiler                              : loaded 2 times (x 75B)
Class [Lcom.google.common.cache.CacheBuilder$OneWeigher;                              : loaded 2 times (x 69B)
Class com.google.common.base.Suppliers                                                : loaded 2 times (x 71B)
Class org.gradle.internal.classloader.DefaultClassLoaderFactory                       : loaded 2 times (x 82B)
Class [Lcom.google.common.collect.AbstractIterator$State;                             : loaded 2 times (x 69B)
Class com.google.common.base.CharMatcher$None                                         : loaded 2 times (x 112B)
Class [Lcom.google.common.collect.ImmutableMapEntry;                                  : loaded 2 times (x 69B)
Class com.google.common.collect.ImmutableEnumMap                                      : loaded 2 times (x 126B)
Class com.google.common.collect.ListMultimap                                          : loaded 2 times (x 70B)
Class org.objectweb.asm.AnnotationVisitor                                             : loaded 2 times (x 78B)
Class com.google.common.collect.Iterators$EmptyModifiableIterator                     : loaded 2 times (x 86B)
Class com.google.common.collect.Sets$1                                                : loaded 2 times (x 139B)
Class com.google.common.base.Splitter                                                 : loaded 2 times (x 72B)
Class org.gradle.api.internal.DefaultClassPathProvider                                : loaded 2 times (x 76B)
Class com.google.common.collect.MapMakerInternalMap$Strength$1                        : loaded 2 times (x 80B)
Class com.google.common.collect.Maps$ViewCachingAbstractMap                           : loaded 2 times (x 125B)
Class com.google.common.collect.Sets$2                                                : loaded 2 times (x 139B)
Class [Lorg.gradle.api.internal.ClassPathProvider;                                    : loaded 2 times (x 69B)
Class org.gradle.api.internal.ClassPathProvider                                       : loaded 2 times (x 70B)
Class [Lorg.objectweb.asm.AnnotationVisitor;                                          : loaded 2 times (x 69B)
Class com.google.common.collect.MapMakerInternalMap$Strength$2                        : loaded 2 times (x 80B)
Class com.google.common.collect.Sets$3                                                : loaded 2 times (x 139B)
Class com.google.common.base.AbstractIterator$State                                   : loaded 2 times (x 79B)
Class com.google.common.cache.LocalCache$LocalLoadingCache                            : loaded 2 times (x 134B)
Class org.gradle.internal.service.UnknownServiceException                             : loaded 2 times (x 83B)
Class com.google.common.io.ByteArrayDataInput                                         : loaded 2 times (x 70B)
Class org.objectweb.asm.ModuleVisitor                                                 : loaded 2 times (x 81B)
Class com.google.common.collect.MapMakerInternalMap$StrongValueEntry                  : loaded 2 times (x 70B)
Class com.google.common.collect.Sets$4                                                : loaded 2 times (x 139B)
Class com.google.common.cache.LocalCache$Strength$1                                   : loaded 2 times (x 81B)
Class com.google.common.util.concurrent.SettableFuture                                : loaded 2 times (x 114B)
Class com.google.common.cache.LocalCache$Strength$2                                   : loaded 2 times (x 81B)
Class com.google.common.io.ByteStreams                                                : loaded 2 times (x 71B)
Class com.google.common.collect.Interners$InternerImpl                                : loaded 2 times (x 75B)
Class com.google.common.collect.Interner                                              : loaded 2 times (x 70B)
Class com.google.common.collect.TransformedIterator                                   : loaded 2 times (x 80B)
Class com.google.common.base.Splitter$1                                               : loaded 2 times (x 77B)
Class com.google.common.cache.LocalCache$Strength$3                                   : loaded 2 times (x 81B)
Class com.google.common.collect.MapDifference                                         : loaded 2 times (x 70B)
Class org.objectweb.asm.FieldWriter                                                   : loaded 2 times (x 78B)
Class com.google.common.collect.MapMaker$Dummy                                        : loaded 2 times (x 79B)
Class com.google.common.cache.CacheBuilder$NullListener                               : loaded 2 times (x 82B)
Class org.gradle.internal.classpath.TransformedClassPath                              : loaded 2 times (x 99B)
Class org.gradle.internal.classloader.InstrumentingClassLoader                        : loaded 2 times (x 70B)
Class com.google.common.collect.Iterators$ArrayItr                                    : loaded 2 times (x 97B)
Class com.google.common.cache.CacheLoader$FunctionToCacheLoader                       : loaded 2 times (x 75B)
Class com.google.common.collect.ImmutableCollection$Builder                           : loaded 2 times (x 76B)
Class com.google.common.base.Joiner                                                   : loaded 2 times (x 79B)
Class com.google.common.base.MoreObjects                                              : loaded 2 times (x 71B)
Class [Lorg.objectweb.asm.Type;                                                       : loaded 2 times (x 69B)
Class com.google.common.collect.Platform                                              : loaded 2 times (x 71B)
Class com.google.common.collect.UnmodifiableIterator                                  : loaded 2 times (x 80B)
Class org.gradle.internal.service.ServiceLocator                                      : loaded 2 times (x 70B)
Class com.google.common.collect.SingletonImmutableBiMap                               : loaded 2 times (x 143B)
Class com.google.common.collect.Iterators$SingletonIterator                           : loaded 2 times (x 81B)
Class com.google.common.cache.LocalCache$1                                            : loaded 2 times (x 89B)
Class com.google.common.collect.AbstractMapEntry                                      : loaded 2 times (x 81B)
Class com.google.common.collect.AbstractSetMultimap                                   : loaded 2 times (x 174B)
Class com.google.common.collect.ImmutableList$Builder                                 : loaded 2 times (x 77B)
Class com.google.common.collect.MapMakerInternalMap$AbstractStrongKeyEntry            : loaded 2 times (x 80B)
Class com.google.common.collect.Sets$ImprovedAbstractSet                              : loaded 2 times (x 135B)
Class com.google.common.cache.LocalCache$2                                            : loaded 2 times (x 142B)
Class com.google.common.collect.AbstractMultimap                                      : loaded 2 times (x 123B)
Class com.google.common.collect.RegularImmutableAsList                                : loaded 2 times (x 217B)
Class com.google.common.base.Optional                                                 : loaded 2 times (x 80B)
Class com.google.common.collect.Iterators                                             : loaded 2 times (x 71B)
Class com.google.common.util.concurrent.AbstractFuture$Trusted                        : loaded 2 times (x 70B)
Class com.google.common.io.ByteSink$AsCharSink                                        : loaded 2 times (x 80B)
Class com.google.common.collect.Lists$StringAsImmutableList                           : loaded 2 times (x 207B)
Class com.google.common.util.concurrent.UncheckedExecutionException                   : loaded 2 times (x 82B)
Class org.objectweb.asm.ClassWriter                                                   : loaded 2 times (x 106B)
Class com.google.common.collect.AbstractMapBasedMultimap$KeySet$1                     : loaded 2 times (x 82B)
Class com.google.common.base.CharMatcher$And                                          : loaded 2 times (x 112B)
Class com.google.common.cache.CacheLoader$UnsupportedLoadingOperationException        : loaded 2 times (x 82B)
Class com.google.common.collect.FluentIterable$1                                      : loaded 2 times (x 81B)
Class org.objectweb.asm.FieldVisitor                                                  : loaded 2 times (x 77B)
Class com.google.common.base.Objects                                                  : loaded 2 times (x 71B)
Class com.google.common.collect.IndexedImmutableSet                                   : loaded 2 times (x 152B)
Class com.google.common.collect.ImmutableMap$1                                        : loaded 2 times (x 81B)
Class com.google.common.collect.BiMap                                                 : loaded 2 times (x 70B)
Class org.gradle.api.internal.classpath.DefaultModuleRegistry$DefaultModule           : loaded 2 times (x 82B)
Class com.google.common.primitives.Ints                                               : loaded 2 times (x 71B)
Class com.google.common.base.Absent                                                   : loaded 2 times (x 80B)
Class com.google.common.collect.FluentIterable$2                                      : loaded 2 times (x 81B)
Class com.google.common.collect.AbstractIterator                                      : loaded 2 times (x 82B)
Class com.google.common.collect.FluentIterable$3                                      : loaded 2 times (x 81B)
Class com.google.common.math.MathPreconditions                                        : loaded 2 times (x 71B)
Class com.google.common.collect.ObjectArrays                                          : loaded 2 times (x 71B)
Class com.google.common.collect.AbstractIndexedListIterator                           : loaded 2 times (x 96B)
Class com.google.common.collect.ArrayListMultimapGwtSerializationDependencies         : loaded 2 times (x 172B)
Class com.google.common.collect.Multiset                                              : loaded 2 times (x 70B)
Class com.google.common.collect.ImmutableMapEntrySet                                  : loaded 2 times (x 152B)
Class org.gradle.api.internal.classpath.Module                                        : loaded 2 times (x 70B)
Class com.google.common.cache.Weigher                                                 : loaded 2 times (x 70B)
Class org.gradle.api.internal.classpath.UnknownModuleException                        : loaded 2 times (x 82B)
Class com.google.common.base.Stopwatch                                                : loaded 2 times (x 72B)
Class com.google.common.cache.LocalCache$Strength                                     : loaded 2 times (x 81B)
Class com.google.common.cache.Cache                                                   : loaded 2 times (x 70B)
Class com.google.common.collect.ImmutableMap$Builder                                  : loaded 2 times (x 82B)
Class com.google.common.base.NullnessCasts                                            : loaded 2 times (x 71B)
Class com.google.common.util.concurrent.AbstractFuture$Cancellation                   : loaded 2 times (x 72B)
Class com.google.common.base.Present                                                  : loaded 2 times (x 81B)
Class com.google.common.collect.AbstractMapBasedMultimap$WrappedCollection$WrappedIterator: loaded 2 times (x 84B)
Class com.google.common.cache.RemovalListener                                         : loaded 2 times (x 70B)
Class org.gradle.api.internal.DefaultClassPathRegistry                                : loaded 2 times (x 76B)
Class com.google.common.primitives.IntsMethodsForWeb                                  : loaded 2 times (x 71B)
Class com.google.common.collect.Multimap                                              : loaded 2 times (x 70B)
Class org.gradle.internal.classpath.DefaultClassPath$ImmutableUniqueList              : loaded 2 times (x 199B)
Class org.gradle.api.internal.ClassPathRegistry                                       : loaded 2 times (x 70B)
Class com.google.common.base.ExtraObjectsMethodsForWeb                                : loaded 2 times (x 71B)
Class com.google.common.collect.MapMakerInternalMap$Segment                           : loaded 2 times (x 142B)
Class com.google.common.io.ByteSink                                                   : loaded 2 times (x 76B)
Class com.google.common.collect.SingletonImmutableList                                : loaded 2 times (x 207B)
Class com.google.common.cache.CacheBuilder                                            : loaded 2 times (x 72B)
Class org.gradle.internal.classpath.ClassPath                                         : loaded 2 times (x 70B)
Class com.google.common.collect.Interners$InternerBuilder                             : loaded 2 times (x 76B)
Class com.google.common.io.Files$FileByteSource                                       : loaded 2 times (x 85B)
Class com.google.common.collect.ImmutableList$ReverseImmutableList                    : loaded 2 times (x 209B)
Class com.google.common.base.JdkPattern                                               : loaded 2 times (x 75B)
Class org.objectweb.asm.SymbolTable$Entry                                             : loaded 2 times (x 74B)
Class org.gradle.api.internal.classpath.DefaultModuleRegistry$DefaultModuleAlias      : loaded 2 times (x 80B)
Class com.google.common.collect.Iterators$1                                           : loaded 2 times (x 81B)
Class com.google.common.base.Suppliers$SupplierOfInstance                             : loaded 2 times (x 79B)
Class com.google.common.cache.LocalCache$ComputingValueReference                      : loaded 2 times (x 96B)
Class com.google.common.collect.ImmutableMap$IteratorBasedImmutableMap                : loaded 2 times (x 126B)
Class com.google.common.collect.SingletonImmutableSet                                 : loaded 2 times (x 146B)
Class com.google.common.cache.LocalCache$Segment                                      : loaded 2 times (x 154B)
Class [Lorg.objectweb.asm.SymbolTable$Entry;                                          : loaded 2 times (x 69B)
Class com.google.common.collect.ImmutableBiMap                                        : loaded 2 times (x 143B)
Class com.google.common.collect.Iterators$4                                           : loaded 2 times (x 82B)
Class com.google.common.cache.CacheLoader                                             : loaded 2 times (x 74B)
Class com.google.common.collect.AbstractListMultimap                                  : loaded 2 times (x 172B)
Class org.gradle.api.internal.classpath.ModuleRegistry                                : loaded 2 times (x 70B)
Class org.gradle.internal.installation.GradleInstallation$1                           : loaded 2 times (x 75B)
Class com.google.common.collect.ImmutableSet$JdkBackedSetBuilderImpl                  : loaded 2 times (x 76B)
Class com.google.common.base.Splitter$SplittingIterator                               : loaded 2 times (x 84B)
Class com.google.common.collect.Iterators$5                                           : loaded 2 times (x 82B)
Class com.google.common.util.concurrent.internal.InternalFutureFailureAccess          : loaded 2 times (x 72B)
Class com.google.common.base.CharMatcher$ForPredicate                                 : loaded 2 times (x 112B)
Class com.google.common.cache.LocalCache$LocalManualCache$1                           : loaded 2 times (x 75B)
Class com.google.common.base.CharMatcher$AnyOf                                        : loaded 2 times (x 112B)
Class com.google.common.collect.ImmutableCollection                                   : loaded 2 times (x 125B)
Class org.gradle.api.internal.classpath.DefaultModuleRegistry                         : loaded 2 times (x 84B)
Class com.google.common.collect.Lists                                                 : loaded 2 times (x 71B)
Class com.google.common.util.concurrent.ListenableFuture                              : loaded 2 times (x 70B)
Class com.google.common.cache.ReferenceEntry                                          : loaded 2 times (x 70B)
Class com.google.common.base.Converter                                                : loaded 2 times (x 90B)
Class com.google.common.collect.ImmutableSet$CachingAsList                            : loaded 2 times (x 148B)
Class com.google.common.collect.Iterators$9                                           : loaded 2 times (x 81B)
Class com.google.common.util.concurrent.AbstractFuture                                : loaded 2 times (x 106B)
Class com.google.common.base.FunctionalEquivalence                                    : loaded 2 times (x 83B)
Class com.google.common.collect.AbstractMapBasedMultimap                              : loaded 2 times (x 139B)
Class com.google.common.collect.ImmutableAsList                                       : loaded 2 times (x 209B)
Class org.objectweb.asm.RecordComponentVisitor                                        : loaded 2 times (x 77B)
Class com.google.common.cache.CacheLoader$SupplierToCacheLoader                       : loaded 2 times (x 75B)
Class com.google.common.collect.Maps$EntryTransformer                                 : loaded 2 times (x 70B)
Class org.gradle.internal.service.ServiceLookupException                              : loaded 2 times (x 82B)
Class [Lcom.google.common.cache.LocalCache$EntryFactory;                              : loaded 2 times (x 69B)
Class org.gradle.internal.classloader.ClassLoaderFactory                              : loaded 2 times (x 70B)
Class com.google.common.base.CharMatcher$IsNot                                        : loaded 2 times (x 111B)
Class com.google.common.base.CommonPattern                                            : loaded 2 times (x 74B)
Class com.google.common.cache.LocalCache$LocalManualCache                             : loaded 2 times (x 99B)
Class org.gradle.internal.service.CachingServiceLocator                               : loaded 2 times (x 82B)
Class com.google.common.math.IntMath                                                  : loaded 2 times (x 71B)
Class com.google.common.collect.AbstractMapBasedMultimap$KeySet                       : loaded 2 times (x 137B)
Class com.google.common.collect.MapMakerInternalMap$InternalEntry                     : loaded 2 times (x 70B)
Class com.google.common.collect.ImmutableMapEntry                                     : loaded 2 times (x 85B)
Class com.google.common.collect.ImmutableMapEntry$NonTerminalImmutableMapEntry        : loaded 2 times (x 85B)
Class com.google.common.base.Equivalence                                              : loaded 2 times (x 82B)
Class com.google.common.base.Function                                                 : loaded 2 times (x 70B)
Class com.google.common.collect.IndexedImmutableSet$1                                 : loaded 2 times (x 213B)
Class com.google.common.collect.RegularImmutableList                                  : loaded 2 times (x 213B)
Class com.google.common.cache.CacheBuilder$OneWeigher                                 : loaded 2 times (x 82B)
Class org.gradle.internal.classloader.ClasspathUtil                                   : loaded 2 times (x 71B)
Class com.google.common.util.concurrent.Uninterruptibles                              : loaded 2 times (x 71B)
Class com.google.common.collect.AbstractMapBasedMultimap$WrappedSet                   : loaded 2 times (x 142B)
Class com.google.common.util.concurrent.LazyLogger                                    : loaded 2 times (x 72B)
Class com.google.common.collect.Maps                                                  : loaded 2 times (x 71B)
Class org.gradle.api.specs.Spec                                                       : loaded 2 times (x 70B)
Class com.google.common.collect.MapMaker                                              : loaded 2 times (x 72B)
Class [Lcom.google.common.collect.ImmutableEntry;                                     : loaded 2 times (x 69B)
Class com.google.common.cache.LocalCache$LoadingValueReference                        : loaded 2 times (x 96B)
Class com.google.common.collect.MapMakerInternalMap$StrongKeyDummyValueEntry          : loaded 2 times (x 82B)
Class com.google.common.base.Platform                                                 : loaded 2 times (x 71B)
Class [Lorg.objectweb.asm.AnnotationWriter;                                           : loaded 2 times (x 69B)
Class com.google.common.collect.AbstractMapBasedMultimap$WrappedList                  : loaded 2 times (x 205B)
Class com.google.common.collect.Maps$8                                                : loaded 2 times (x 82B)
Class [Lcom.google.common.collect.Iterators$EmptyModifiableIterator;                  : loaded 2 times (x 69B)
Class com.google.common.collect.Sets$SetView                                          : loaded 2 times (x 138B)
Class com.google.common.cache.LocalCache$StrongValueReference                         : loaded 2 times (x 90B)
Class org.objectweb.asm.Type                                                          : loaded 2 times (x 72B)
Class com.google.common.graph.SuccessorsFunction                                      : loaded 2 times (x 70B)
Class org.gradle.internal.classloader.VisitableURLClassLoader$InstrumentingVisitableURLClassLoader: loaded 2 times (x 123B)
Class org.objectweb.asm.ByteVector                                                    : loaded 2 times (x 79B)
Class com.google.common.math.IntMath$1                                                : loaded 2 times (x 71B)
Class com.google.common.collect.MapMakerInternalMap$StrongKeyDummyValueEntry$Helper   : loaded 2 times (x 79B)
Class com.google.common.io.Files$FileByteSink                                         : loaded 2 times (x 77B)
Class [Lcom.google.common.cache.CacheBuilder$NullListener;                            : loaded 2 times (x 69B)
Class org.gradle.internal.classloader.VisitableURLClassLoader$Spec                    : loaded 2 times (x 74B)
Class org.gradle.internal.classpath.DefaultClassPath                                  : loaded 2 times (x 90B)
Class org.objectweb.asm.Symbol                                                        : loaded 2 times (x 73B)
Class com.google.common.base.AbstractIterator                                         : loaded 2 times (x 80B)
Class com.google.common.io.Closer                                                     : loaded 2 times (x 78B)
Class com.google.common.collect.RegularImmutableMap$Values                            : loaded 2 times (x 207B)
Class com.google.common.base.CharMatcher$BitSetMatcher                                : loaded 2 times (x 112B)
Class com.google.common.collect.ImmutableSet                                          : loaded 2 times (x 145B)
Class org.gradle.internal.classloader.ClassLoaderSpec                                 : loaded 2 times (x 71B)
Class org.objectweb.asm.AnnotationWriter                                              : loaded 2 times (x 79B)
Class com.google.common.cache.CacheStats                                              : loaded 2 times (x 71B)
Class org.objectweb.asm.RecordComponentWriter                                         : loaded 2 times (x 78B)
Class com.google.common.collect.Interners                                             : loaded 2 times (x 71B)
Class com.google.common.io.Closer$Suppressor                                          : loaded 2 times (x 70B)
Class com.google.common.io.LineProcessor                                              : loaded 2 times (x 70B)
Class com.google.common.base.CharMatcher$Or                                           : loaded 2 times (x 112B)
Class com.google.common.util.concurrent.AbstractFuture$Listener                       : loaded 2 times (x 72B)
Class org.gradle.api.internal.classpath.Module$ModuleAlias                            : loaded 2 times (x 70B)
Class org.objectweb.asm.Attribute                                                     : loaded 2 times (x 77B)
Class com.google.common.base.Supplier                                                 : loaded 2 times (x 70B)
Class org.gradle.internal.classloader.VisitableURLClassLoader                         : loaded 2 times (x 117B)
Class com.google.common.collect.ImmutableList$SerializedForm                          : loaded 2 times (x 73B)
Class org.gradle.internal.Cast                                                        : loaded 2 times (x 71B)
Class org.gradle.api.Action                                                           : loaded 2 times (x 70B)
Class org.objectweb.asm.Handler                                                       : loaded 2 times (x 72B)
Class com.google.common.collect.MapMakerInternalMap                                   : loaded 2 times (x 161B)
Class com.google.common.base.Strings                                                  : loaded 2 times (x 71B)
Class com.google.common.collect.Sets                                                  : loaded 2 times (x 71B)
Class com.google.common.base.CharMatcher$FastMatcher                                  : loaded 2 times (x 111B)
Class com.google.common.base.Ticker                                                   : loaded 2 times (x 72B)
Class [Lcom.google.common.cache.LocalCache$Segment;                                   : loaded 2 times (x 69B)
Class com.google.common.base.Predicate                                                : loaded 2 times (x 70B)
Class [Lcom.google.common.cache.LocalCache$Strength;                                  : loaded 2 times (x 69B)
Class com.google.common.cache.CacheBuilder$1                                          : loaded 2 times (x 85B)
Class com.google.common.collect.ImmutableMap                                          : loaded 2 times (x 120B)
Class org.gradle.internal.classpath.DefaultClassPath$ImmutableUniqueList$Builder      : loaded 2 times (x 75B)
Class com.google.common.collect.MapMakerInternalMap$WeakValueReference                : loaded 2 times (x 70B)
Class com.google.common.base.CharMatcher$NegatedFastMatcher                           : loaded 2 times (x 113B)
Class com.google.common.cache.LocalCache                                              : loaded 2 times (x 187B)
Class com.google.common.cache.CacheBuilder$2                                          : loaded 2 times (x 79B)
Class [Lcom.google.common.collect.AbstractMapEntry;                                   : loaded 2 times (x 69B)
Class com.google.common.collect.ImmutableEntry                                        : loaded 2 times (x 82B)
Class com.google.common.cache.CacheBuilder$3                                          : loaded 2 times (x 72B)
Class com.google.common.collect.ArrayListMultimap                                     : loaded 2 times (x 172B)
Class org.gradle.api.GradleException                                                  : loaded 2 times (x 82B)
Class com.google.common.base.Suppliers$MemoizingSupplier                              : loaded 2 times (x 79B)
Class com.google.common.collect.CollectPreconditions                                  : loaded 2 times (x 71B)
Class [Lcom.google.common.collect.MapMakerInternalMap$Strength;                       : loaded 2 times (x 69B)
Class [Lcom.google.common.io.FileWriteMode;                                           : loaded 2 times (x 69B)
Class com.google.common.collect.SortedMapDifference                                   : loaded 2 times (x 70B)
Class com.google.common.collect.Iterables$4                                           : loaded 2 times (x 81B)
Class com.google.common.cache.LocalCache$WriteThroughEntry                            : loaded 2 times (x 79B)
Class com.google.common.cache.LocalCache$HashIterator                                 : loaded 2 times (x 86B)
Class com.google.common.collect.MapMakerInternalMap$StrongKeyDummyValueSegment        : loaded 2 times (x 142B)
Class com.google.common.io.Files                                                      : loaded 2 times (x 71B)
Class com.google.common.cache.LocalCache$EntryFactory                                 : loaded 2 times (x 83B)
Class [Lcom.google.common.collect.MapMaker$Dummy;                                     : loaded 2 times (x 69B)
Class com.google.common.cache.LocalCache$AbstractReferenceEntry                       : loaded 2 times (x 107B)
Class org.gradle.internal.IoActions                                                   : loaded 2 times (x 71B)
Class org.objectweb.asm.SymbolTable                                                   : loaded 2 times (x 72B)
Class com.google.common.collect.ImmutableMapKeySet                                    : loaded 2 times (x 152B)
Class com.google.common.cache.CacheLoader$InvalidCacheLoadException                   : loaded 2 times (x 82B)
Class com.google.common.collect.ImmutableSet$RegularSetBuilderImpl                    : loaded 2 times (x 77B)
Class com.google.common.collect.FluentIterable                                        : loaded 2 times (x 81B)
Class com.google.common.cache.LocalCache$StrongEntry                                  : loaded 2 times (x 108B)
Class com.google.common.util.concurrent.AbstractFuture$TrustedFuture                  : loaded 2 times (x 114B)
Class com.google.common.cache.LoadingCache                                            : loaded 2 times (x 70B)
Class com.google.common.io.ByteStreams$LimitedInputStream                             : loaded 2 times (x 92B)
Class com.google.common.base.Suppliers$NonSerializableMemoizingSupplier               : loaded 2 times (x 79B)
Class org.objectweb.asm.MethodWriter                                                  : loaded 2 times (x 106B)
Class com.google.common.collect.RegularImmutableMap$BucketOverflowException           : loaded 2 times (x 82B)
Class [Lcom.google.common.cache.Weigher;                                              : loaded 2 times (x 69B)
Class com.google.common.collect.AbstractMapBasedMultimap$RandomAccessWrappedList      : loaded 2 times (x 205B)
Class com.google.common.collect.AbstractIterator$State                                : loaded 2 times (x 79B)
Class com.google.common.collect.RegularImmutableBiMap                                 : loaded 2 times (x 149B)
Class com.google.common.base.CharMatcher$Negated                                      : loaded 2 times (x 113B)
Class com.google.common.base.CharMatcher$Is                                           : loaded 2 times (x 111B)
Class com.google.common.cache.LocalCache$ValueReference                               : loaded 2 times (x 70B)
Class com.google.common.hash.PrimitiveSink                                            : loaded 2 times (x 70B)
Class com.google.common.base.PatternCompiler                                          : loaded 2 times (x 70B)
Class com.google.common.collect.Hashing                                               : loaded 2 times (x 71B)
Class com.google.common.util.concurrent.AbstractFuture$Failure                        : loaded 2 times (x 72B)
Class com.google.common.base.Equivalence$Equals                                       : loaded 2 times (x 82B)
Class com.google.common.base.Preconditions                                            : loaded 2 times (x 71B)
Class org.objectweb.asm.Label                                                         : loaded 2 times (x 73B)
Class org.objectweb.asm.CurrentFrame                                                  : loaded 2 times (x 73B)
Class org.objectweb.asm.ClassTooLargeException                                        : loaded 2 times (x 83B)
Class com.google.common.io.CharSink                                                   : loaded 2 times (x 79B)
Class com.google.common.base.CharMatcher                                              : loaded 2 times (x 111B)
Class com.google.common.collect.PeekingIterator                                       : loaded 2 times (x 70B)
Class com.google.common.base.Joiner$1                                                 : loaded 2 times (x 80B)
Class org.objectweb.asm.Frame                                                         : loaded 2 times (x 73B)
Class org.objectweb.asm.MethodVisitor                                                 : loaded 2 times (x 105B)
Class com.google.common.collect.MapMakerInternalMap$InternalEntryHelper               : loaded 2 times (x 70B)
Class com.google.common.collect.Maps$IteratorBasedAbstractMap                         : loaded 2 times (x 125B)
Class com.google.common.base.CharMatcher$NamedFastMatcher                             : loaded 2 times (x 112B)
Class com.google.common.base.CharMatcher$1                                            : loaded 2 times (x 113B)
Class com.google.common.collect.Table                                                 : loaded 2 times (x 70B)
Class com.google.common.base.Joiner$2                                                 : loaded 2 times (x 79B)
Class com.google.common.cache.LocalCache$EntryFactory$1                               : loaded 2 times (x 83B)
Class [Lcom.google.common.cache.RemovalListener;                                      : loaded 2 times (x 69B)
Class com.google.common.cache.LocalCache$EntryFactory$2                               : loaded 2 times (x 83B)
Class org.objectweb.asm.ModuleWriter                                                  : loaded 2 times (x 82B)
Class com.google.common.collect.ImmutableMapEntrySet$RegularEntrySet                  : loaded 2 times (x 152B)
Class com.google.common.cache.LocalCache$EntryFactory$3                               : loaded 2 times (x 83B)
Class com.google.common.base.Ticker$1                                                 : loaded 2 times (x 72B)
Class com.google.common.collect.Maps$BiMapConverter                                   : loaded 2 times (x 90B)
Class com.google.common.collect.SetMultimap                                           : loaded 2 times (x 70B)
Class com.google.common.base.CharMatcher$InRange                                      : loaded 2 times (x 111B)
Class com.google.common.cache.LocalCache$EntryFactory$4                               : loaded 2 times (x 83B)
Class com.google.common.collect.ImmutableSet$Builder                                  : loaded 2 times (x 85B)
Class com.google.common.io.ByteStreams$1                                              : loaded 2 times (x 85B)
Class com.google.common.cache.LocalCache$EntryFactory$5                               : loaded 2 times (x 83B)
Class com.google.common.cache.LocalCache$EntryFactory$6                               : loaded 2 times (x 83B)
Class org.gradle.internal.installation.CurrentGradleInstallationLocator               : loaded 2 times (x 71B)
Class com.google.common.collect.Maps$KeySet                                           : loaded 2 times (x 137B)
Class com.google.common.cache.LocalCache$EntryFactory$7                               : loaded 2 times (x 83B)
Class com.google.common.collect.ImmutableList                                         : loaded 2 times (x 206B)
Class org.gradle.internal.service.DefaultServiceLocator                               : loaded 2 times (x 83B)
Class com.google.common.collect.Maps$EntrySet                                         : loaded 2 times (x 136B)
Class com.google.common.cache.LocalCache$EntryFactory$8                               : loaded 2 times (x 83B)
Class com.google.common.collect.ImmutableSet$SetBuilderImpl                           : loaded 2 times (x 76B)
Class org.gradle.internal.installation.CurrentGradleInstallation                      : loaded 2 times (x 73B)
Class com.google.common.collect.ForwardingObject                                      : loaded 2 times (x 72B)
Class com.google.common.collect.ImmutableList$SubList                                 : loaded 2 times (x 209B)
Class com.google.common.cache.CacheLoader$1                                           : loaded 2 times (x 75B)
Class org.gradle.util.internal.GUtil                                                  : loaded 2 times (x 71B)
Class com.google.common.io.ByteSource                                                 : loaded 2 times (x 84B)
Class com.google.common.cache.AbstractCache$StatsCounter                              : loaded 2 times (x 70B)
Class com.google.common.collect.MapMakerInternalMap$1                                 : loaded 2 times (x 83B)
Class com.google.common.collect.Iterators$MergingIterator                             : loaded 2 times (x 81B)
Class com.google.common.collect.RegularImmutableSet                                   : loaded 2 times (x 149B)
Class org.gradle.internal.installation.GradleInstallation                             : loaded 2 times (x 75B)
Class com.google.common.base.Splitter$Strategy                                        : loaded 2 times (x 70B)
Class com.google.common.collect.Iterables                                             : loaded 2 times (x 71B)

---------------  S Y S T E M  ---------------

OS:
 Windows 11 , 64 bit Build 26100 (10.0.26100.9549)
OS uptime: 1 days 6:09 hours
Hyper-V role detected

CPU: total 12 (initial active 12) (12 cores per cpu, 2 threads per core) family 25 model 68 stepping 1 microcode 0xa404107, cx8, cmov, fxsr, ht, mmx, 3dnowpref, sse, sse2, sse3, ssse3, sse4a, sse4.1, sse4.2, popcnt, lzcnt, tsc, tscinvbit, avx, avx2, aes, erms, clmul, bmi1, bmi2, adx, sha, fma, vzeroupper, clflush, clflushopt, hv, rdtscp, rdpid, fsrm, f16c, cet_ss
Processor Information for the first 12 processors :
  Max Mhz: 3301, Current Mhz: 3301, Mhz Limit: 3301

Memory: 4k page, system-wide physical 15690M (271M free)
TotalPageFile size 28839M (AvailPageFile size 5M)
current process WorkingSet (physical memory assigned to process): 498M, peak: 498M
current process commit charge ("private bytes"): 539M, peak: 539M

vm_info: OpenJDK 64-Bit Server VM (21.0.10+-14961533-b1163.108) for windows-amd64 JRE (21.0.10+-14961533-b1163.108), built on 2026-03-02T19:58:50Z by "builder" with MS VC++ 16.10 / 16.11 (VS2019)

END.
